day,country,"player size",opportunities,"ad requests",impressions,"fillrate %",revenue,rpm,"impression rpm",cost
2018-11-11,FJ,720x1280,6,572,0,0,0,0,0,0
2018-11-11,MA,728x1280,9,1563,0,0,0,0,0,0
2018-11-11,IQ,1280x728,1,0,0,0,0,0,0,0
2018-11-11,UA,480x320,116,1145,0,0,0,0,0,0
2018-11-11,ZA,720x1280,82,16299,9,10.97,.01,.15,1.45,0
2018-11-11,EC,300x250,805,20845,0,0,0,0,0,0
2018-11-11,IN,720x1280,567,133936,0,0,0,0,0,0
2018-11-11,CA,728x1280,4254,486035,2416,56.79,4.19,.98,1.73,0
2018-11-11,MD,320x480,42,418,0,0,0,0,0,0
2018-11-11,AO,300x250,510,772,0,0,0,0,0,0
2018-11-11,US,1280x1024,0,9,0,0,0,0,0,0
2018-11-11,LK,768x1024,205,36936,0,0,0,0,0,0
2018-11-11,SG,728x1024,78,163227,29,37.17,.04,.55,1.49,0
2018-11-11,VU,300x250,20,145,0,0,0,0,0,0
2018-11-11,ZA,1280x728,314,80054,187,59.55,.28,.90,1.51,0
2018-11-11,BT,320x480,41,63,0,0,0,0,0,0
2018-11-11,MA,720x1280,10,2772,0,0,0,0,0,0
2018-11-11,ML,320x480,19,45,0,0,0,0,0,0
2018-11-11,ID,720x1080,3,181,0,0,0,0,0,0
2018-11-11,MU,768x1024,243,44327,2,.82,0,.01,2.00,0
2018-11-11,HU,728x1280,1,0,0,0,0,0,0,0
2018-11-11,IN,728x1280,144,8463,0,0,0,0,0,0
2018-11-11,CR,1280x760,3,536,4,133.33,0,2.26,1.70,0
2018-11-11,PH,400x728,4,2281,0,0,0,0,0,0
2018-11-11,DE,768x1024,187,37045,27,14.43,.04,.23,1.59,.03
2018-11-11,RU,640x360,42,909,0,0,0,0,0,0
2018-11-11,BQ,300x250,90,390,0,0,0,0,0,0
2018-11-11,CM,1024x768,3,281,0,0,0,0,0,0
2018-11-11,SI,320x50,26,45,0,0,0,0,0,0
2018-11-11,US,0x0,805,38545,96,11.92,.14,.18,1.52,.11
2018-11-11,IR,480x320,3,372,0,0,0,0,0,0
2018-11-11,PT,728x1024,21,6927,0,0,0,0,0,0
2018-11-11,AS,720x1280,3,690,0,0,0,0,0,0
2018-11-11,WF,768x1024,2,527,0,0,0,0,0,0
2018-11-11,TR,320x480,589,23827,6,1.01,.01,.01,1.75,0
2018-11-11,CI,480x320,21,18,0,0,0,0,0,0
2018-11-11,EC,0x0,4,0,0,0,0,0,0,0
2018-11-11,FM,320x480,9,0,0,0,0,0,0,0
2018-11-11,GR,1920x1080,2,299,0,0,0,0,0,0
2018-11-11,IN,728x1024,157,27990,0,0,0,0,0,0
2018-11-11,HU,728x1024,2,154,0,0,0,0,0,0
2018-11-11,MY,768x1024,559,214890,13,2.32,.02,.03,1.54,0
2018-11-11,IR,1280x720,2,90,0,0,0,0,0,0
2018-11-11,MT,300x250,24,27,0,0,0,0,0,0
2018-11-11,BY,1920x1080,1,0,0,0,0,0,0,0
2018-11-11,NO,320x480,6135,43527,39,.63,.07,.01,1.96,.03
2018-11-11,TW,300x250,30914,1820616,4356,14.09,7.01,.22,1.61,4.31
2018-11-11,PT,1024x768,98,5436,0,0,0,0,0,0
2018-11-11,BH,480x320,19,645,0,0,0,0,0,0
2018-11-11,US,720x400,45,1745,8,17.77,.01,.32,1.80,.01
2018-11-11,PS,768x1024,10,618,1,10.00,0,.20,2.00,0
2018-11-11,TH,728x1280,0,109,0,0,0,0,0,0
2018-11-11,KH,768x1024,101,24445,0,0,0,0,0,0
2018-11-11,GI,768x1024,1,63,0,0,0,0,0,0
2018-11-11,SV,768x1024,11,1281,0,0,0,0,0,0
2018-11-11,ES,320x480,53167,336136,18,.03,.03,0,1.78,.02
2018-11-11,TZ,320x480,31,172,0,0,0,0,0,0
2018-11-11,SC,300x250,97,118,0,0,0,0,0,0
2018-11-11,KE,320x50,94,145,0,0,0,0,0,0
2018-11-11,LS,300x250,151,236,0,0,0,0,0,0
2018-11-11,GD,720x1280,4,1136,0,0,0,0,0,0
2018-11-11,MN,720x1280,19,4190,2,10.52,0,.48,4.61,0
2018-11-11,LA,768x1024,803,210181,2,.24,0,0,1.50,0
2018-11-11,NG,300x250,155,318,0,0,0,0,0,0
2018-11-11,GD,300x250,61,90,0,0,0,0,0,0
2018-11-11,KN,768x1024,3,981,0,0,0,0,0,0
2018-11-11,PW,728x1024,1,699,0,0,0,0,0,0
2018-11-11,TR,300x250,254,427,0,0,0,0,0,0
2018-11-11,VC,300x250,13,45,0,0,0,0,0,0
2018-11-11,NE,768x1024,11,1799,0,0,0,0,0,0
2018-11-11,GD,728x1280,2,599,0,0,0,0,0,0
2018-11-11,LR,480x320,1,118,0,0,0,0,0,0
2018-11-11,PK,320x50,59,54,0,0,0,0,0,0
2018-11-11,HN,768x1024,118,41345,2,1.69,0,.02,1.50,0
2018-11-11,KH,480x320,21,109,0,0,0,0,0,0
2018-11-11,IM,1280x760,2,0,0,0,0,0,0,0
2018-11-11,ZA,1280x720,532,73072,9,1.69,.01,.02,1.57,0
2018-11-11,AS,480x320,20,27,0,0,0,0,0,0
2018-11-11,TZ,300x250,365,854,0,0,0,0,0,0
2018-11-11,FI,1024x768,46,154,0,0,0,0,0,0
2018-11-11,UA,768x1024,43,4863,0,0,0,0,0,0
2018-11-11,IQ,1280x720,19,5745,0,0,0,0,0,0
2018-11-11,CN,300x250,54,481,0,0,0,0,0,0
2018-11-11,CM,320x480,47,236,0,0,0,0,0,0
2018-11-11,HR,320x50,36,109,0,0,0,0,0,0
2018-11-11,CR,1920x1080,233,42799,49,21.03,.07,.32,1.55,0
2018-11-11,JP,1920x1080,5,481,0,0,0,0,0,0
2018-11-11,BD,320x480,116,2436,0,0,0,0,0,0
2018-11-11,TT,300x250,793,990,0,0,0,0,0,0
2018-11-11,YE,320x480,128,1809,0,0,0,0,0,0
2018-11-11,GY,768x1024,2,172,0,0,0,0,0,0
2018-11-11,AL,300x250,2438,3681,0,0,0,0,0,0
2018-11-11,GT,320x50,34,81,0,0,0,0,0,0
2018-11-11,AR,768x1024,1148,332363,180,15.67,.29,.25,1.63,.29
2018-11-11,IN,400x728,9,263,0,0,0,0,0,0
2018-11-11,SA,1280x760,3,45,0,0,0,0,0,0
2018-11-11,GD,728x1024,3,609,0,0,0,0,0,0
2018-11-11,LA,480x320,29,2363,0,0,0,0,0,0
2018-11-11,AM,768x1024,232,48354,0,0,0,0,0,0
2018-11-11,SA,1024x768,83,11172,2,2.40,0,.03,1.46,0
2018-11-11,BJ,728x1024,3,427,0,0,0,0,0,0
2018-11-11,ES,728x1280,14,1481,0,0,0,0,0,0
2018-11-11,BR,300x250,27929,2500288,1162,4.16,1.91,.06,1.64,.10
2018-11-11,NZ,300x250,586,1536,3,.51,0,0,1.41,0
2018-11-11,TN,728x1024,3,618,0,0,0,0,0,0
2018-11-11,PT,320x50,58,63,0,0,0,0,0,0
2018-11-11,BH,320x50,4,9,0,0,0,0,0,0
2018-11-11,BR,768x1024,17840,3389642,5177,29.01,10.06,.56,1.94,8.63
2018-11-11,GG,1280x720,1,18,0,0,0,0,0,0
2018-11-11,MO,320x480,11,527,0,0,0,0,0,0
2018-11-11,UA,0x0,5,554,0,0,0,0,0,0
2018-11-11,GH,720x1280,5,1063,0,0,0,0,0,0
2018-11-11,IM,320x480,3,0,0,0,0,0,0,0
2018-11-11,MM,320x100,280,1072,0,0,0,0,0,0
2018-11-11,TO,300x250,25,45,0,0,0,0,0,0
2018-11-11,SO,728x1024,4,109,0,0,0,0,0,0
2018-11-11,EG,320x480,194,4654,0,0,0,0,0,0
2018-11-11,US,630x357,0,1036,0,0,0,0,0,0
2018-11-11,YE,728x1024,4,90,0,0,0,0,0,0
2018-11-11,BR,728x1280,637,95227,53,8.32,.10,.15,1.89,0
2018-11-11,DE,400x728,13,1318,0,0,0,0,0,0
2018-11-11,NI,720x1280,3,0,0,0,0,0,0,0
2018-11-11,PL,320x480,325,3336,0,0,0,0,0,0
2018-11-11,JO,1024x768,0,9,0,0,0,0,0,0
2018-11-11,SY,300x250,0,1154,0,0,0,0,0,0
2018-11-11,FR,300x250,26020,783590,0,0,0,0,0,0
2018-11-11,PW,768x1024,22,3990,0,0,0,0,0,0
2018-11-11,HK,300x250,1090,1490643,304,27.88,.48,.44,1.59,0
2018-11-11,KR,480x360,0,18,0,0,0,0,0,0
2018-11-11,LB,320x480,269,3336,0,0,0,0,0,0
2018-11-11,JP,728x1024,0,272,0,0,0,0,0,0
2018-11-11,IN,408x320,0,9,0,0,0,0,0,0
2018-11-11,PH,320x100,0,63,0,0,0,0,0,0
2018-11-11,TH,0x0,2,0,0,0,0,0,0,0
2018-11-11,ET,728x1024,1,9,0,0,0,0,0,0
2018-11-11,KZ,320x100,0,18,0,0,0,0,0,0
2018-11-11,HN,728x1024,2,563,0,0,0,0,0,0
2018-11-11,HK,400x728,401,487908,38,9.47,.07,.18,1.91,0
2018-11-11,NZ,728x1024,106,20145,6,5.66,.01,.18,3.32,0
2018-11-11,LR,720x1280,3,127,0,0,0,0,0,0
2018-11-11,HN,320x480,41,309,0,0,0,0,0,0
2018-11-11,CM,0x0,11,0,0,0,0,0,0,0
2018-11-11,AE,320x50,140,154,3,2.14,0,.03,1.49,0
2018-11-11,NO,1280x720,111,9645,20,18.01,.03,.30,1.69,0
2018-11-11,SD,768x1024,12,663,0,0,0,0,0,0
2018-11-11,GL,480x320,75,118,0,0,0,0,0,0
2018-11-11,PW,320x480,37,45,0,0,0,0,0,0
2018-11-11,DE,1920x1080,32,3481,11,34.37,.02,.63,1.85,0
2018-11-11,GU,728x1280,1,299,0,0,0,0,0,0
2018-11-11,AM,728x1024,4,63,0,0,0,0,0,0
2018-11-11,LR,300x250,333,463,0,0,0,0,0,0
2018-11-11,PR,400x728,5,2727,0,0,0,0,0,0
2018-11-11,TT,0x0,15,0,0,0,0,0,0,0
2018-11-11,AO,768x1024,26,3372,0,0,0,0,0,0
2018-11-11,ET,728x1280,2,0,0,0,0,0,0,0
2018-11-11,RE,768x1024,17,3427,0,0,0,0,0,0
2018-11-11,GH,300x250,908,1281,6,.66,0,0,1.49,0
2018-11-11,MK,768x1024,19,3154,4,21.05,0,.31,1.50,0
2018-11-11,SE,1280x720,1636,180108,242,14.79,.39,.23,1.61,0
2018-11-11,BO,768x1024,28,6181,1,3.57,0,.05,1.50,0
2018-11-11,UZ,320x480,11,345,0,0,0,0,0,0
2018-11-11,ID,0x0,41,236,0,0,0,0,0,0
2018-11-11,NO,640x360,2,9,0,0,0,0,0,0
2018-11-11,MO,1280x720,2,309,0,0,0,0,0,0
2018-11-11,BM,300x250,20,18,0,0,0,0,0,0
2018-11-11,TJ,1280x720,1,372,0,0,0,0,0,0
2018-11-11,NZ,1280x728,86,7572,4,4.65,0,.06,1.43,0
2018-11-11,BR,570x430,1,54,0,0,0,0,0,0
2018-11-11,SG,320x480,6892,28627,10,.14,.01,0,1.69,0
2018-11-11,SY,1024x768,5,472,0,0,0,0,0,0
2018-11-11,GU,1280x728,2,1445,0,0,0,0,0,0
2018-11-11,PE,1024x768,354,99054,31,8.75,.04,.13,1.54,0
2018-11-11,LT,728x1024,0,418,0,0,0,0,0,0
2018-11-11,MM,1920x1080,12,1363,0,0,0,0,0,0
2018-11-11,NP,1024x768,32,654,0,0,0,0,0,0
2018-11-11,ZA,320x480,5492,61418,9,.16,.01,0,1.52,0
2018-11-11,MX,1000x575,6,1909,0,0,0,0,0,0
2018-11-11,TH,320x50,246,554,0,0,0,0,0,0
2018-11-11,CI,320x50,1,181,0,0,0,0,0,0
2018-11-11,BJ,480x320,11,1299,0,0,0,0,0,0
2018-11-11,US,320x50,6926,331908,79,1.14,.14,.02,1.78,.01
2018-11-11,FI,320x480,1538,11518,11,.71,.01,.01,1.80,.01
2018-11-11,US,768x1024,320473,32909794,171713,53.58,287.18,.89,1.67,132.11
2018-11-11,SG,400x728,8,6872,0,0,0,0,0,0
2018-11-11,CM,480x320,15,363,0,0,0,0,0,0
2018-11-11,SL,320x480,9,18,0,0,0,0,0,0
2018-11-11,KG,480x320,49,636,0,0,0,0,0,0
2018-11-11,JO,320x480,37,727,1,2.70,0,.03,1.40,0
2018-11-11,NO,480x360,1,0,0,0,0,0,0,0
2018-11-11,TW,480x320,2262,8290,30,1.32,.04,.01,1.47,.03
2018-11-11,MV,300x250,35,290,0,0,0,0,0,0
2018-11-11,PG,768x1024,9,1218,0,0,0,0,0,0
2018-11-11,MU,728x1024,3,3418,0,0,0,0,0,0
2018-11-11,CH,768x1024,741,164699,181,24.42,.31,.43,1.76,.24
2018-11-11,NR,768x1024,1,181,0,0,0,0,0,0
2018-11-11,SL,728x1280,1,9,0,0,0,0,0,0
2018-11-11,SG,300x250,327,64354,7,2.14,.01,.03,1.44,0
2018-11-11,SB,768x1024,4,127,0,0,0,0,0,0
2018-11-11,VN,480x320,1114,1545,0,0,0,0,0,0
2018-11-11,AU,320x480,36001,642926,339,.94,.83,.02,2.45,.56
2018-11-11,NG,320x100,0,18,0,0,0,0,0,0
2018-11-11,SI,300x250,672,936,0,0,0,0,0,0
2018-11-11,IE,1024x768,26,1527,0,0,0,0,0,0
2018-11-11,BB,480x320,5,0,0,0,0,0,0,0
2018-11-11,PY,400x728,16,8309,0,0,0,0,0,0
2018-11-11,TR,480x360,1,236,0,0,0,0,0,0
2018-11-11,CA,400x728,172,25972,86,50.00,.30,1.77,3.54,0
2018-11-11,BS,300x250,91,145,0,0,0,0,0,0
2018-11-11,AE,768x1024,2783,1207235,11109,399.17,17.75,6.38,1.59,14.01
2018-11-11,TH,400x728,8,1454,0,0,0,0,0,0
2018-11-11,NZ,1280x720,461,60909,36,7.80,.06,.13,1.77,.01
2018-11-11,SZ,300x250,22,54,0,0,0,0,0,0
2018-11-11,MO,1280x728,1,181,0,0,0,0,0,0
2018-11-11,KW,1280x760,1,45,0,0,0,0,0,0
2018-11-11,US,320x479,18,1281,3,16.66,0,.31,1.91,0
2018-11-11,GU,1280x720,3,681,0,0,0,0,0,0
2018-11-11,MO,720x1280,2,899,0,0,0,0,0,0
2018-11-11,UA,720x1080,2,0,0,0,0,0,0,0
2018-11-11,MO,480x320,32,36,0,0,0,0,0,0
2018-11-11,HU,768x1024,36,4827,0,0,0,0,0,0
2018-11-11,TN,300x250,330,354,0,0,0,0,0,0
2018-11-11,IS,360x640,0,18,0,0,0,0,0,0
2018-11-11,SN,768x1024,17,1727,0,0,0,0,0,0
2018-11-11,PL,1920x1080,2,81,0,0,0,0,0,0
2018-11-11,KH,1024x768,5,854,0,0,0,0,0,0
2018-11-11,SE,1280x728,136,23545,4,2.94,0,.04,1.61,0
2018-11-11,IN,320x100,93,181,0,0,0,0,0,0
2018-11-11,RO,1920x1080,1,9,0,0,0,0,0,0
2018-11-11,PE,320x100,1,9,0,0,0,0,0,0
2018-11-11,BN,720x1280,1,72,0,0,0,0,0,0
2018-11-11,ME,300x250,136,190,0,0,0,0,0,0
2018-11-11,CA,768x1024,14502,2061316,6207,42.80,11.57,.79,1.86,6.79
2018-11-11,PH,0x0,1,9,0,0,0,0,0,0
2018-11-11,CA,0x0,0,18,0,0,0,0,0,0
2018-11-11,NO,1280x728,1,9,1,100.00,0,2.00,2.00,0
2018-11-11,TH,300x250,12358,31118,0,0,0,0,0,0
2018-11-11,LB,1280x760,2,454,0,0,0,0,0,0
2018-11-11,RO,768x1024,21,4009,1,4.76,0,.07,1.50,0
2018-11-11,BY,480x320,2,9,0,0,0,0,0,0
2018-11-11,CA,400x720,4,190,0,0,0,0,0,0
2018-11-11,GB,320x480,8272,540135,57,.68,.11,.01,2.02,.04
2018-11-11,SK,720x1280,1,345,0,0,0,0,0,0
2018-11-11,ID,320x100,32,36,0,0,0,0,0,0
2018-11-11,CH,1280x760,6,818,0,0,0,0,0,0
2018-11-11,PK,320x480,659,5599,0,0,0,0,0,0
2018-11-11,US,728x1024,189338,25867192,136733,72.21,244.11,1.28,1.78,20.65
2018-11-11,AL,728x1024,1,63,0,0,0,0,0,0
2018-11-11,SN,720x1280,1,0,0,0,0,0,0,0
2018-11-11,PH,300x250,906,4599,0,0,0,0,0,0
2018-11-11,TR,1024x768,61,3863,0,0,0,0,0,0
2018-11-11,AU,1280x720,3488,336563,195,5.59,.38,.11,1.96,.04
2018-11-11,VI,728x1024,0,454,0,0,0,0,0,0
2018-11-11,YE,300x250,592,690,0,0,0,0,0,0
2018-11-11,SE,768x1024,1428,253290,154,10.78,.28,.19,1.83,.06
2018-11-11,RW,300x250,428,627,0,0,0,0,0,0
2018-11-11,GB,1024x768,2633,422345,23,.87,.03,.01,1.66,.02
2018-11-11,BT,768x1024,62,12127,0,0,0,0,0,0
2018-11-11,KY,728x1024,0,136,0,0,0,0,0,0
2018-11-11,BW,300x250,116,154,0,0,0,0,0,0
2018-11-11,SB,728x1024,1,145,0,0,0,0,0,0
2018-11-11,MO,300x250,0,436,0,0,0,0,0,0
2018-11-11,PL,480x320,2015,2981,0,0,0,0,0,0
2018-11-11,AT,768x1024,11,3745,0,0,0,0,0,0
2018-11-11,AF,320x100,18,18,0,0,0,0,0,0
2018-11-11,US,300x50,2,0,0,0,0,0,0,0
2018-11-11,FR,0x0,0,127,0,0,0,0,0,0
2018-11-11,EC,728x1024,8,745,0,0,0,0,0,0
2018-11-11,UG,480x320,6,9,0,0,0,0,0,0
2018-11-11,SZ,480x320,0,18,0,0,0,0,0,0
2018-11-11,BR,728x250,0,9,0,0,0,0,0,0
2018-11-11,TT,1280x720,5,736,0,0,0,0,0,0
2018-11-11,KZ,1280x720,4,545,0,0,0,0,0,0
2018-11-11,BN,768x1024,24,3409,0,0,0,0,0,0
2018-11-11,CK,300x250,15,27,0,0,0,0,0,0
2018-11-11,US,1280x728,24639,2784869,13268,53.84,22.98,.93,1.73,.13
2018-11-11,SS,768x1024,6,881,0,0,0,0,0,0
2018-11-11,RU,0x0,0,72,0,0,0,0,0,0
2018-11-11,PS,300x250,941,1354,0,0,0,0,0,0
2018-11-11,SK,300x250,391,554,0,0,0,0,0,0
2018-11-11,CA,1024x768,12800,1212835,4790,37.42,8.22,.64,1.71,1.03
2018-11-11,AE,728x1024,866,859617,9720,1122.40,15.53,17.93,1.59,0
2018-11-11,MD,728x1024,1,0,0,0,0,0,0,0
2018-11-11,KM,480x320,1,0,0,0,0,0,0,0
2018-11-11,TR,728x1280,24,3418,0,0,0,0,0,0
2018-11-11,CF,768x1024,3,172,0,0,0,0,0,0
2018-11-11,CA,408x320,0,9,0,0,0,0,0,0
2018-11-11,AL,720x1280,5,1645,0,0,0,0,0,0
2018-11-11,CR,720x1280,70,8509,15,21.42,.02,.33,1.56,0
2018-11-11,SG,1280x728,2,527,0,0,0,0,0,0
2018-11-11,BO,320x480,60,263,0,0,0,0,0,0
2018-11-11,LV,320x480,0,18,0,0,0,0,0,0
2018-11-11,KR,768x1024,0,2181,0,0,0,0,0,0
2018-11-11,BE,480x360,1,227,0,0,0,0,0,0
2018-11-11,IT,480x320,5575,52781,3,.05,0,0,1.49,0
2018-11-11,CM,300x250,11,18,0,0,0,0,0,0
2018-11-11,VI,728x1280,0,18,0,0,0,0,0,0
2018-11-11,BZ,728x1024,1,0,0,0,0,0,0,0
2018-11-11,CL,320x100,76,127,0,0,0,0,0,0
2018-11-11,AF,1280x720,4,227,0,0,0,0,0,0
2018-11-11,BD,300x250,6342,9063,0,0,0,0,0,0
2018-11-11,EC,1280x728,1,81,0,0,0,0,0,0
2018-11-11,SN,320x480,7,36,0,0,0,0,0,0
2018-11-11,IQ,1024x768,13,1054,0,0,0,0,0,0
2018-11-11,BO,1920x1080,1,0,0,0,0,0,0,0
2018-11-11,MY,320x480,142478,359908,64,.04,.09,0,1.49,.06
2018-11-11,MW,720x1280,13,2181,0,0,0,0,0,0
2018-11-11,GG,728x1280,1,0,0,0,0,0,0,0
2018-11-11,ZA,320x100,907,1509,6,.66,0,0,1.49,0
2018-11-11,ZA,480x360,16,4981,0,0,0,0,0,0
2018-11-11,MM,728x1280,14,1254,0,0,0,0,0,0
2018-11-11,AL,728x1280,4,536,0,0,0,0,0,0
2018-11-11,FR,768x1024,244,59072,28,11.47,.04,.18,1.64,.04
2018-11-11,KI,300x250,8,18,0,0,0,0,0,0
2018-11-11,CH,720x1280,87,14699,17,19.54,.02,.34,1.76,.01
2018-11-11,FJ,1024x768,1,90,0,0,0,0,0,0
2018-11-11,BF,1024x768,1,27,0,0,0,0,0,0
2018-11-11,NG,1024x768,0,1218,0,0,0,0,0,0
2018-11-11,SE,728x400,1,18,0,0,0,0,0,0
2018-11-11,CZ,320x50,123,145,0,0,0,0,0,0
2018-11-11,CF,300x250,29,63,0,0,0,0,0,0
2018-11-11,RO,1280x720,26,2163,0,0,0,0,0,0
2018-11-11,BM,480x320,2,218,0,0,0,0,0,0
2018-11-11,CD,480x320,46,45,0,0,0,0,0,0
2018-11-11,KZ,1280x728,1,0,0,0,0,0,0,0
2018-11-11,AU,480x320,342,12009,1,.29,0,0,2.71,0
2018-11-11,PH,728x1024,111,6099,0,0,0,0,0,0
2018-11-11,IM,728x1024,3,0,0,0,0,0,0,0
2018-11-11,LY,1024x768,0,45,0,0,0,0,0,0
2018-11-11,N/A,480x320,110,718,0,0,0,0,0,0
2018-11-11,TT,1280x728,1,0,0,0,0,0,0,0
2018-11-11,SO,768x1024,320,58572,0,0,0,0,0,0
2018-11-11,AZ,320x480,23,481,0,0,0,0,0,0
2018-11-11,US,640x480,30,10636,7,23.33,.01,.56,2.40,0
2018-11-11,RS,1024x768,0,63,0,0,0,0,0,0
2018-11-11,SR,728x1024,1,209,0,0,0,0,0,0
2018-11-11,CZ,768x1024,18,4072,0,0,0,0,0,0
2018-11-11,IS,300x250,69,72,0,0,0,0,0,0
2018-11-11,HK,768x1024,2316,917799,393,16.96,.76,.33,1.95,.50
2018-11-11,GB,400x728,1,2054,0,0,0,0,0,0
2018-11-11,RO,720x1080,2,9,0,0,0,0,0,0
2018-11-11,AF,728x1024,4,1299,0,0,0,0,0,0
2018-11-11,TW,1920x1080,193,124872,159,82.38,.24,1.24,1.51,0
2018-11-11,MY,300x250,1174,237436,6,.51,0,0,1.44,0
2018-11-11,MZ,320x480,51,409,0,0,0,0,0,0
2018-11-11,AU,720x1280,2304,274763,250,10.85,.49,.21,1.97,.19
2018-11-11,DO,768x1024,2354,673490,561,23.83,.87,.37,1.56,.87
2018-11-11,FI,1280x760,1,218,0,0,0,0,0,0
2018-11-11,NG,728x1024,1,0,0,0,0,0,0,0
2018-11-11,KI,320x480,0,63,0,0,0,0,0,0
2018-11-11,CA,480x360,29,3136,10,34.48,.02,.85,2.49,0
2018-11-11,PK,1280x720,2,499,0,0,0,0,0,0
2018-11-11,PR,728x1024,12,4681,57,475.00,.08,7.12,1.50,0
2018-11-11,JM,300x250,938,1572,0,0,0,0,0,0
2018-11-11,DK,1280x720,1,9,0,0,0,0,0,0
2018-11-11,FR,320x50,552,599,0,0,0,0,0,0
2018-11-11,AU,1280x728,322,35472,453,140.68,.77,2.40,1.70,0
2018-11-11,GU,768x1024,94,7872,1,1.06,0,.02,2.00,0
2018-11-11,MT,320x480,122,172,0,0,0,0,0,0
2018-11-11,ZM,300x250,805,1172,0,0,0,0,0,0
2018-11-11,MU,480x320,8,327,0,0,0,0,0,0
2018-11-11,RE,480x320,13,36,0,0,0,0,0,0
2018-11-11,GL,300x250,71,54,0,0,0,0,0,0
2018-11-11,KG,320x480,160,1181,0,0,0,0,0,0
2018-11-11,TN,720x1280,6,636,0,0,0,0,0,0
2018-11-11,PR,380x480,0,9,0,0,0,0,0,0
2018-11-11,CL,768x1024,586,189754,189,32.25,.30,.51,1.59,.28
2018-11-11,PW,720x1280,1,163,0,0,0,0,0,0
2018-11-11,WS,768x1024,3,272,0,0,0,0,0,0
2018-11-11,MG,720x1280,2,354,0,0,0,0,0,0
2018-11-11,GM,720x1280,2,363,0,0,0,0,0,0
2018-11-11,PH,320x480,3179,14372,1,.03,0,0,2.71,0
2018-11-11,MX,720x1280,6416,1524443,680,10.59,1.22,.19,1.79,.79
2018-11-11,NP,480x320,17,509,0,0,0,0,0,0
2018-11-11,VC,720x1280,2,718,0,0,0,0,0,0
2018-11-11,CO,90x75,4,0,0,0,0,0,0,0
2018-11-11,EC,1280x720,5,1554,0,0,0,0,0,0
2018-11-11,AF,1280x728,1,0,0,0,0,0,0,0
2018-11-11,NG,728x1280,4,0,0,0,0,0,0,0
2018-11-11,AU,1024x768,1945,168427,511,26.27,.91,.46,1.78,.34
2018-11-11,KZ,320x480,265,6772,0,0,0,0,0,0
2018-11-11,UY,728x1280,1,0,0,0,0,0,0,0
2018-11-11,CN,1024x768,1,27,0,0,0,0,0,0
2018-11-11,SX,720x1080,1,72,0,0,0,0,0,0
2018-11-11,AF,728x1280,3,54,0,0,0,0,0,0
2018-11-11,LK,300x250,1766,2490,0,0,0,0,0,0
2018-11-11,PA,1024x768,15,1527,0,0,0,0,0,0
2018-11-11,US,360x50,1,0,0,0,0,0,0,0
2018-11-11,GA,320x50,6,0,0,0,0,0,0,0
2018-11-11,SG,1280x720,42,2654,3,7.14,0,.10,1.49,0
2018-11-11,TM,480x320,17,27,0,0,0,0,0,0
2018-11-11,BR,1920x1080,1217,231381,219,17.99,.36,.29,1.65,.33
2018-11-11,BW,1920x1080,1,27,0,0,0,0,0,0
2018-11-11,EG,320x100,4,0,0,0,0,0,0,0
2018-11-11,US,1280x720,202785,28602298,108807,53.65,204.56,1.00,1.88,45.12
2018-11-11,PF,768x1024,8,954,0,0,0,0,0,0
2018-11-11,TR,320x50,27,418,0,0,0,0,0,0
2018-11-11,GB,320x50,245,1990,0,0,0,0,0,0
2018-11-11,MN,1024x768,44,2936,0,0,0,0,0,0
2018-11-11,NG,720x1280,4,1499,0,0,0,0,0,0
2018-11-11,GD,1024x768,1,0,0,0,0,0,0,0
2018-11-11,JP,320x50,4330,4909,0,0,0,0,0,0
2018-11-11,AW,728x1280,1,90,0,0,0,0,0,0
2018-11-11,MZ,728x1024,6,1654,0,0,0,0,0,0
2018-11-11,TN,320x480,24,654,0,0,0,0,0,0
2018-11-11,US,1000x575,26,1218,0,0,0,0,0,0
2018-11-11,AE,320x480,9822,361617,4035,41.08,6.23,.63,1.54,.02
2018-11-11,ES,1920x1080,36,3718,0,0,0,0,0,0
2018-11-11,IN,480x320,9261,25772,0,0,0,0,0,0
2018-11-11,DM,300x250,22,72,0,0,0,0,0,0
2018-11-11,N/A,1280x728,2,663,0,0,0,0,0,0
2018-11-11,CZ,1920x1080,2,336,0,0,0,0,0,0
2018-11-11,XK,300x250,47,54,0,0,0,0,0,0
2018-11-11,SY,1280x728,2,36,0,0,0,0,0,0
2018-11-11,OM,720x1280,2,363,0,0,0,0,0,0
2018-11-11,CL,720x1280,34,7181,0,0,0,0,0,0
2018-11-11,SR,768x1024,105,23499,0,0,0,0,0,0
2018-11-11,IR,0x0,0,72,0,0,0,0,0,0
2018-11-11,ES,768x1024,733,177481,0,0,0,0,0,0
2018-11-11,MY,0x0,12,54,0,0,0,0,0,0
2018-11-11,PR,768x1024,13,3454,0,0,0,0,0,0
2018-11-11,SC,720x1280,7,2272,0,0,0,0,0,0
2018-11-11,GP,320x480,12,27,0,0,0,0,0,0
2018-11-11,SY,728x1280,7,290,0,0,0,0,0,0
2018-11-11,NG,768x1024,4,536,6,150.00,0,2.22,1.48,0
2018-11-11,TW,360x640,20,290,0,0,0,0,0,0
2018-11-11,YE,1024x768,6,154,0,0,0,0,0,0
2018-11-11,AD,1024x768,32,99,0,0,0,0,0,0
2018-11-11,GU,1920x1080,4,772,0,0,0,0,0,0
2018-11-11,PE,480x320,6008,11336,0,0,0,0,0,0
2018-11-11,BM,720x1280,3,0,0,0,0,0,0,0
2018-11-11,SR,1920x1080,1,363,0,0,0,0,0,0
2018-11-11,UA,728x1024,1,245,0,0,0,0,0,0
2018-11-11,TZ,728x1024,1,0,0,0,0,0,0,0
2018-11-11,EG,728x1024,15,1045,0,0,0,0,0,0
2018-11-11,SL,300x250,114,109,0,0,0,0,0,0
2018-11-11,BY,360x640,0,63,0,0,0,0,0,0
2018-11-11,HK,1280x728,10,1472,0,0,0,0,0,0
2018-11-11,NI,320x50,17,9,0,0,0,0,0,0
2018-11-11,AR,320x50,550,881,0,0,0,0,0,0
2018-11-11,VU,768x1024,13,2154,0,0,0,0,0,0
2018-11-11,SO,720x1280,41,6063,0,0,0,0,0,0
2018-11-11,MU,1280x720,22,8436,0,0,0,0,0,0
2018-11-11,AT,1280x720,1,0,0,0,0,0,0,0
2018-11-11,PY,320x480,12,1245,0,0,0,0,0,0
2018-11-11,MN,768x1024,396,70990,0,0,0,0,0,0
2018-11-11,LU,768x1024,4,245,0,0,0,0,0,0
2018-11-11,NL,728x1024,20,6063,0,0,0,0,0,0
2018-11-11,AR,1024x768,64,7199,2,3.12,0,.05,1.68,0
2018-11-11,IQ,300x250,11742,20563,0,0,0,0,0,0
2018-11-11,GB,1920x1080,265,23954,0,0,0,0,0,0
2018-11-11,DO,1280x728,4,1254,0,0,0,0,0,0
2018-11-11,CA,1000x575,6,418,0,0,0,0,0,0
2018-11-11,CL,1024x768,22,8109,28,127.27,.04,1.86,1.46,0
2018-11-11,BW,1024x768,1,454,0,0,0,0,0,0
2018-11-11,LT,1280x720,1,390,0,0,0,0,0,0
2018-11-11,JP,720x1280,2,18,0,0,0,0,0,0
2018-11-11,MZ,728x1280,1,63,0,0,0,0,0,0
2018-11-11,KN,300x250,12,27,0,0,0,0,0,0
2018-11-11,HU,320x480,72,1490,0,0,0,0,0,0
2018-11-11,CL,400x728,52,44472,0,0,0,0,0,0
2018-11-11,CD,300x250,64,99,0,0,0,0,0,0
2018-11-11,CG,320x480,0,372,0,0,0,0,0,0
2018-11-11,ET,720x1280,16,2990,0,0,0,0,0,0
2018-11-11,JE,1920x1080,9,263,0,0,0,0,0,0
2018-11-11,LB,720x1280,28,5409,0,0,0,0,0,0
2018-11-11,PY,320x50,36,36,0,0,0,0,0,0
2018-11-11,MX,300x250,9126,249963,15,.16,.02,0,1.70,0
2018-11-11,GB,480x360,1,172,0,0,0,0,0,0
2018-11-11,AS,320x480,155,390,0,0,0,0,0,0
2018-11-11,CA,300x250,39268,493681,151,.38,.23,0,1.56,.14
2018-11-11,CI,1280x720,1,181,0,0,0,0,0,0
2018-11-11,FJ,300x250,588,727,0,0,0,0,0,0
2018-11-11,AL,768x1024,75,10190,0,0,0,0,0,0
2018-11-11,GA,480x320,72,172,0,0,0,0,0,0
2018-11-11,ES,320x100,21,0,0,0,0,0,0,0
2018-11-11,GB,320x100,3,0,0,0,0,0,0,0
2018-11-11,TH,768x1024,2,0,0,0,0,0,0,0
2018-11-11,BB,720x1280,2,1618,0,0,0,0,0,0
2018-11-11,PY,1280x720,3,1454,0,0,0,0,0,0
2018-11-11,SG,768x1024,414,219436,77,18.59,.12,.29,1.57,.01
2018-11-11,SO,300x250,0,18,0,0,0,0,0,0
2018-11-11,NO,1024x768,85,5454,14,16.47,.02,.27,1.69,0
2018-11-11,KW,728x1280,1082,163281,155,14.32,.29,.27,1.92,0
2018-11-11,CO,300x250,6372,36736,0,0,0,0,0,0
2018-11-11,EC,768x1024,2436,599581,1239,50.86,1.86,.76,1.50,1.86
2018-11-11,OM,480x320,140,2454,0,0,0,0,0,0
2018-11-11,TT,1920x1080,1,54,0,0,0,0,0,0
2018-11-11,CH,320x50,159,181,0,0,0,0,0,0
2018-11-11,SY,1280x720,31,4236,0,0,0,0,0,0
2018-11-11,JE,728x1024,1,2654,0,0,0,0,0,0
2018-11-11,ET,300x250,391,827,0,0,0,0,0,0
2018-11-11,N/A,1920x1080,5,1054,0,0,0,0,0,0
2018-11-11,VN,728x1024,3,18,0,0,0,0,0,0
2018-11-11,BG,720x1280,1,99,0,0,0,0,0,0
2018-11-11,GB,768x1024,170,36454,9,5.29,.01,.08,1.60,0
2018-11-11,BW,1280x720,10,2918,0,0,0,0,0,0
2018-11-11,FI,1920x1080,2,336,0,0,0,0,0,0
2018-11-11,DE,728x1024,105,19445,8,7.61,.01,.13,1.72,0
2018-11-11,N/A,1280x720,2,309,0,0,0,0,0,0
2018-11-11,UZ,300x250,1109,1690,0,0,0,0,0,0
2018-11-11,SY,720x1080,2,163,0,0,0,0,0,0
2018-11-11,BG,1280x728,1,0,0,0,0,0,0,0
2018-11-11,NU,720x1280,1,45,0,0,0,0,0,0
2018-11-11,DE,728x1280,44,4854,0,0,0,0,0,0
2018-11-11,TW,320x50,1556,2236,0,0,0,0,0,0
2018-11-11,LT,1280x728,1,827,0,0,0,0,0,0
2018-11-11,NA,768x1024,42,5181,0,0,0,0,0,0
2018-11-11,BB,1920x1080,8,127,0,0,0,0,0,0
2018-11-11,CZ,300x250,711,945,0,0,0,0,0,0
2018-11-11,CA,320x50,93,1090,0,0,0,0,0,0
2018-11-11,PS,1024x768,20,945,0,0,0,0,0,0
2018-11-11,RU,400x728,44,13936,0,0,0,0,0,0
2018-11-11,RU,768x1024,344,49636,0,0,0,0,0,0
2018-11-11,MX,0x0,1,81,0,0,0,0,0,0
2018-11-11,MN,320x480,252,2954,0,0,0,0,0,0
2018-11-11,AZ,768x1024,90,11999,0,0,0,0,0,0
2018-11-11,IM,480x320,2,81,0,0,0,0,0,0
2018-11-11,GT,480x320,40,63,0,0,0,0,0,0
2018-11-11,DO,1280x720,9,4999,4,44.44,0,.65,1.48,0
2018-11-11,SV,480x320,8,0,0,0,0,0,0,0
2018-11-11,MU,1280x728,1,99,0,0,0,0,0,0
2018-11-11,ID,320x480,12550,50899,0,0,0,0,0,0
2018-11-11,GT,768x1024,23,6245,0,0,0,0,0,0
2018-11-11,DE,720x1280,36,4254,3,8.33,0,.16,1.94,0
2018-11-11,IR,320x50,0,63,0,0,0,0,0,0
2018-11-11,HK,1280x720,268,52618,15,5.59,.03,.12,2.19,.01
2018-11-11,MG,480x320,0,54,0,0,0,0,0,0
2018-11-11,AE,1920x1080,16437,1569016,7203,43.82,14.47,.88,2.00,14.24
2018-11-11,IS,1024x768,0,18,0,0,0,0,0,0
2018-11-11,DZ,1280x728,1,363,0,0,0,0,0,0
2018-11-11,BW,480x320,16,9,0,0,0,0,0,0
2018-11-11,GB,360x640,2,199,0,0,0,0,0,0
2018-11-11,DE,320x480,64946,12937596,5860,9.02,10.57,.16,1.80,.10
2018-11-11,IE,480x320,247,2245,0,0,0,0,0,0
2018-11-11,YE,1280x720,1,18,0,0,0,0,0,0
2018-11-11,LB,300x250,1810,3163,0,0,0,0,0,0
2018-11-11,US,854x480,8,18,0,0,0,0,0,0
2018-11-11,MU,720x1280,40,11209,0,0,0,0,0,0
2018-11-11,PK,320x100,0,18,0,0,0,0,0,0
2018-11-11,SX,1920x1080,5,218,0,0,0,0,0,0
2018-11-11,NP,728x1024,7,927,0,0,0,0,0,0
2018-11-11,PE,300x250,5303,30254,4,.07,0,0,1.50,0
2018-11-11,VG,768x1024,9,2699,0,0,0,0,0,0
2018-11-11,QA,0x0,0,9,0,0,0,0,0,0
2018-11-11,PK,1280x728,1,27,0,0,0,0,0,0
2018-11-11,MT,1280x720,1,0,0,0,0,0,0,0
2018-11-11,SR,480x320,45,209,0,0,0,0,0,0
2018-11-11,SG,1920x1080,87,17836,12,13.79,.01,.20,1.46,0
2018-11-11,RO,728x1280,1,27,0,0,0,0,0,0
2018-11-11,PG,1024x768,1,109,0,0,0,0,0,0
2018-11-11,MO,768x1024,18,3472,0,0,0,0,0,0
2018-11-11,TM,1024x768,0,18,0,0,0,0,0,0
2018-11-11,SG,400x300,0,272,0,0,0,0,0,0
2018-11-11,CA,570x430,2,354,14,700.00,.05,28.22,4.03,0
2018-11-11,HK,1920x1080,1250,191281,2,.16,0,0,1.80,0
2018-11-11,NU,768x1024,5,836,6,120.00,.01,2.47,2.06,.01
2018-11-11,AM,480x320,26,863,0,0,0,0,0,0
2018-11-11,TW,728x1024,1962,2658506,1482,75.53,2.25,1.14,1.52,0
2018-11-11,TM,320x100,11,0,0,0,0,0,0,0
2018-11-11,CU,320x480,0,9,0,0,0,0,0,0
2018-11-11,MN,1280x720,8,763,0,0,0,0,0,0
2018-11-11,AZ,728x1280,1,99,0,0,0,0,0,0
2018-11-11,CA,400x300,16,927,15,93.75,.03,2.34,2.50,.02
2018-11-11,JE,768x1024,2,363,0,0,0,0,0,0
2018-11-11,GT,300x250,3403,17263,0,0,0,0,0,0
2018-11-11,CA,720x1280,11485,1228444,7083,61.67,11.89,1.03,1.67,4.39
2018-11-11,MA,300x250,2303,3409,0,0,0,0,0,0
2018-11-11,BE,1280x728,3,281,1,33.33,0,.46,1.38,0
2018-11-11,KZ,1920x1080,12,1172,0,0,0,0,0,0
2018-11-11,PA,480x360,1,127,0,0,0,0,0,0
2018-11-11,MH,728x1024,3,1281,0,0,0,0,0,0
2018-11-11,FR,320x100,2365,3036,0,0,0,0,0,0
2018-11-11,GB,728x1024,67,12981,0,0,0,0,0,0
2018-11-11,CW,728x1280,0,690,0,0,0,0,0,0
2018-11-11,AU,360x640,0,90,0,0,0,0,0,0
2018-11-11,BY,1280x720,4,372,0,0,0,0,0,0
2018-11-11,SI,480x320,3,0,0,0,0,0,0,0
2018-11-11,GB,728x1280,30,1872,0,0,0,0,0,0
2018-11-11,NI,320x480,24,54,0,0,0,0,0,0
2018-11-11,MH,728x1280,3,218,0,0,0,0,0,0
2018-11-11,UZ,480x320,21,727,0,0,0,0,0,0
2018-11-11,DK,320x50,82,163,0,0,0,0,0,0
2018-11-11,BN,480x320,72,45,0,0,0,0,0,0
2018-11-11,FR,360x640,1,0,0,0,0,0,0,0
2018-11-11,TW,1280x728,38,50827,60,157.89,.09,2.39,1.51,0
2018-11-11,NG,1280x720,9,427,0,0,0,0,0,0
2018-11-11,CA,640x360,3,445,2,66.66,0,1.26,1.90,0
2018-11-11,VE,0x0,1,0,0,0,0,0,0,0
2018-11-11,BO,0x0,7,9,0,0,0,0,0,0
2018-11-11,SE,300x250,5257,16654,3,.05,0,0,1.78,0
2018-11-11,MD,1024x768,40,36,0,0,0,0,0,0
2018-11-11,UZ,1024x768,8,2063,0,0,0,0,0,0
2018-11-11,KW,768x1024,643,131599,91,14.15,.17,.26,1.87,0
2018-11-11,NL,300x250,2102,14999,2,.09,0,0,2.37,0
2018-11-11,SE,400x728,4,227,0,0,0,0,0,0
2018-11-11,TW,728x1280,175,181208,132,75.42,.20,1.15,1.53,0
2018-11-11,BG,320x480,3,45,0,0,0,0,0,0
2018-11-11,EG,1920x1080,1,236,0,0,0,0,0,0
2018-11-11,AE,1280x760,2,45,0,0,0,0,0,0
2018-11-11,VN,400x728,4,427,0,0,0,0,0,0
2018-11-11,US,320x150,0,9,0,0,0,0,0,0
2018-11-11,GM,1280x720,2,0,0,0,0,0,0,0
2018-11-11,AR,300x250,76131,286517,0,0,0,0,0,0
2018-11-11,RO,728x1024,2,672,0,0,0,0,0,0
2018-11-11,TD,728x1024,1,81,0,0,0,0,0,0
2018-11-11,MX,1280x720,15124,3210242,1136,7.51,1.81,.12,1.59,.16
2018-11-11,CR,728x1280,124,34681,13,10.48,.02,.16,1.59,0
2018-11-11,ZM,720x1280,9,2218,0,0,0,0,0,0
2018-11-11,PH,1280x720,286,15390,0,0,0,0,0,0
2018-11-11,MN,320x50,1,45,0,0,0,0,0,0
2018-11-11,CN,400x728,3,281,0,0,0,0,0,0
2018-11-11,VN,320x480,3515,12254,0,0,0,0,0,0
2018-11-11,WF,480x320,11,45,0,0,0,0,0,0
2018-11-11,YE,768x1024,10,981,0,0,0,0,0,0
2018-11-11,BE,1280x720,14,3563,0,0,0,0,0,0
2018-11-11,BZ,1280x720,3,1099,0,0,0,0,0,0
2018-11-11,ID,720x1280,4629,671117,18,.38,.02,0,1.52,.02
2018-11-11,VN,0x0,32,0,0,0,0,0,0,0
2018-11-11,MN,1280x728,3,645,0,0,0,0,0,0
2018-11-11,BO,728x1280,2,363,0,0,0,0,0,0
2018-11-11,SI,320x100,0,190,0,0,0,0,0,0
2018-11-11,IR,320x100,0,9,0,0,0,0,0,0
2018-11-11,TR,1920x1080,73,8945,0,0,0,0,0,0
2018-11-11,NI,300x250,1543,10599,0,0,0,0,0,0
2018-11-11,DJ,768x1024,21,3490,0,0,0,0,0,0
2018-11-11,AR,320x480,5705,201617,9,.15,.01,0,1.50,0
2018-11-11,ET,768x1024,137,16518,0,0,0,0,0,0
2018-11-11,TR,400x728,1,127,0,0,0,0,0,0
2018-11-11,CD,1280x720,5,1118,0,0,0,0,0,0
2018-11-11,ES,300x250,1367,7327,0,0,0,0,0,0
2018-11-11,JP,768x1024,23,2227,0,0,0,0,0,0
2018-11-11,BS,1920x1080,1,545,0,0,0,0,0,0
2018-11-11,BJ,320x480,38,327,0,0,0,0,0,0
2018-11-11,CA,320x100,47,509,0,0,0,0,0,0
2018-11-11,CN,728x1280,2,81,0,0,0,0,0,0
2018-11-11,UY,1024x768,2,299,0,0,0,0,0,0
2018-11-11,IN,720x1080,1,36,0,0,0,0,0,0
2018-11-11,MX,320x50,445,1263,0,0,0,0,0,0
2018-11-11,MX,1280x728,448,143854,41,9.15,.06,.13,1.49,0
2018-11-11,EE,728x1024,1,0,0,0,0,0,0,0
2018-11-11,RU,320x100,583,581,0,0,0,0,0,0
2018-11-11,TR,720x1080,1,154,0,0,0,0,0,0
2018-11-11,PH,1280x728,9,681,0,0,0,0,0,0
2018-11-11,TD,320x480,0,18,0,0,0,0,0,0
2018-11-11,BJ,320x50,3,1490,0,0,0,0,0,0
2018-11-11,US,728x1080,323,40145,254,78.63,.50,1.56,1.98,0
2018-11-11,MW,1280x720,6,672,0,0,0,0,0,0
2018-11-11,TH,320x100,66,63,0,0,0,0,0,0
2018-11-11,LC,300x250,32,36,0,0,0,0,0,0
2018-11-11,UA,320x100,0,236,0,0,0,0,0,0
2018-11-11,MT,1024x768,0,27,0,0,0,0,0,0
2018-11-11,SY,480x320,0,54,0,0,0,0,0,0
2018-11-11,LR,768x1024,10,1599,0,0,0,0,0,0
2018-11-11,KZ,1024x768,51,3018,0,0,0,0,0,0
2018-11-11,US,200x250,1,27,1,100.00,0,4.50,4.50,0
2018-11-11,MA,320x480,148,3281,0,0,0,0,0,0
2018-11-11,BO,728x1024,1,127,0,0,0,0,0,0
2018-11-11,DE,640x360,0,9,0,0,0,0,0,0
2018-11-11,RS,720x1280,1,90,0,0,0,0,0,0
2018-11-11,TW,1280x720,597,54863,45,7.53,.07,.13,1.74,0
2018-11-11,HN,320x50,16,54,0,0,0,0,0,0
2018-11-11,CI,768x1024,12,1045,0,0,0,0,0,0
2018-11-11,SA,728x1024,97,60063,0,0,0,0,0,0
2018-11-11,GU,480x320,21,27,0,0,0,0,0,0
2018-11-11,AM,720x1280,3,1227,0,0,0,0,0,0
2018-11-11,CL,1280x728,15,5945,7,46.66,.01,.70,1.50,0
2018-11-11,LA,728x1024,3,372,0,0,0,0,0,0
2018-11-11,TC,300x250,76,81,0,0,0,0,0,0
2018-11-11,FI,768x1024,44,6663,0,0,0,0,0,0
2018-11-11,TZ,1024x768,3,609,0,0,0,0,0,0
2018-11-11,NZ,480x320,258,1699,0,0,0,0,0,0
2018-11-11,BR,480x320,7107,39490,26,.36,.04,0,1.64,.02
2018-11-11,SN,0x0,3,0,0,0,0,0,0,0
2018-11-11,PK,480x320,121,1818,2,1.65,0,.04,2.71,0
2018-11-11,AW,720x1280,6,636,0,0,0,0,0,0
2018-11-11,SO,1024x768,6,827,0,0,0,0,0,0
2018-11-11,DK,300x250,876,1972,1,.11,0,0,2.02,0
2018-11-11,DO,728x1024,8,4009,0,0,0,0,0,0
2018-11-11,KI,768x1024,4,836,0,0,0,0,0,0
2018-11-11,CR,320x480,2820,6445,1,.03,0,0,1.50,0
2018-11-11,MH,300x250,40,0,0,0,0,0,0,0
2018-11-11,BB,1280x720,64,4227,0,0,0,0,0,0
2018-11-11,JM,768x1024,36,4218,0,0,0,0,0,0
2018-11-11,TL,720x1280,1,845,0,0,0,0,0,0
2018-11-11,SA,1920x1080,329,43990,17,5.16,.03,.10,2.05,.03
2018-11-11,AR,728x1280,63,7272,4,6.34,0,.09,1.44,0
2018-11-11,MN,400x728,2,90,0,0,0,0,0,0
2018-11-11,IE,320x100,1,99,0,0,0,0,0,0
2018-11-11,KW,480x320,75,863,0,0,0,0,0,0
2018-11-11,BA,1024x768,1,54,0,0,0,0,0,0
2018-11-11,MG,1920x1080,1,90,0,0,0,0,0,0
2018-11-11,SO,1280x728,1,81,0,0,0,0,0,0
2018-11-11,VG,300x250,84,81,0,0,0,0,0,0
2018-11-11,DE,1280x720,66,7681,2,3.03,0,.04,1.60,0
2018-11-11,BE,300x250,9,16536,0,0,0,0,0,0
2018-11-11,DJ,720x1280,1,499,0,0,0,0,0,0
2018-11-11,AR,728x1024,109,19945,6,5.50,0,.08,1.53,0
2018-11-11,CM,1920x1080,1,509,0,0,0,0,0,0
2018-11-11,CO,320x480,4183,9445,39,.93,.05,.01,1.51,.04
2018-11-11,MU,300x250,7,9,0,0,0,0,0,0
2018-11-11,LA,720x1280,41,9590,0,0,0,0,0,0
2018-11-11,DZ,480x320,1,9,0,0,0,0,0,0
2018-11-11,JE,1280x720,23,2009,0,0,0,0,0,0
2018-11-11,CZ,1280x728,1,445,0,0,0,0,0,0
2018-11-11,CA,728x400,6,2109,0,0,0,0,0,0
2018-11-11,IN,400x300,0,9,0,0,0,0,0,0
2018-11-11,AS,300x250,29,54,0,0,0,0,0,0
2018-11-11,KW,320x50,1,181,0,0,0,0,0,0
2018-11-11,GD,768x1024,14,2272,0,0,0,0,0,0
2018-11-11,VN,1920x1080,3,263,0,0,0,0,0,0
2018-11-11,DO,728x1280,7,2281,0,0,0,0,0,0
2018-11-11,EC,320x50,235,409,0,0,0,0,0,0
2018-11-11,MX,720x400,1,309,0,0,0,0,0,0
2018-11-11,CO,1280x720,407,63299,35,8.59,.05,.12,1.45,0
2018-11-11,SE,1920x1080,305,33936,30,9.83,.04,.15,1.62,0
2018-11-11,NZ,720x1280,98,19872,8,8.16,.01,.13,1.64,0
2018-11-11,TN,768x1024,45,6372,0,0,0,0,0,0
2018-11-11,LA,728x1280,18,5709,0,0,0,0,0,0
2018-11-11,US,152x100,1,0,0,0,0,0,0,0
2018-11-11,SZ,1280x720,2,181,0,0,0,0,0,0
2018-11-11,LV,480x320,1,0,0,0,0,0,0,0
2018-11-11,GB,640x360,2,218,0,0,0,0,0,0
2018-11-11,IE,720x1080,0,18,0,0,0,0,0,0
2018-11-11,GE,728x1024,1,127,0,0,0,0,0,0
2018-11-11,PH,1920x1080,221,9427,0,0,0,0,0,0
2018-11-11,BB,1280x728,8,136,0,0,0,0,0,0
2018-11-11,US,300x350,1,299,0,0,0,0,0,0
2018-11-11,LV,768x1024,17,3045,0,0,0,0,0,0
2018-11-11,BR,320x50,756,3218,0,0,0,0,0,0
2018-11-11,IE,728x1024,8,1145,0,0,0,0,0,0
2018-11-11,CY,720x1280,3,663,0,0,0,0,0,0
2018-11-11,AS,768x1024,45,9254,0,0,0,0,0,0
2018-11-11,TO,1024x768,1,0,0,0,0,0,0,0
2018-11-11,LK,728x1024,5,363,0,0,0,0,0,0
2018-11-11,NL,480x320,16073,44609,70,.43,.18,.01,2.66,.13
2018-11-11,CR,0x0,0,72,0,0,0,0,0,0
2018-11-11,LB,728x1280,79,9172,2,2.53,0,.03,1.56,0
2018-11-11,GH,1920x1080,1,109,0,0,0,0,0,0
2018-11-11,CG,300x250,192,272,0,0,0,0,0,0
2018-11-11,PH,400x300,0,254,0,0,0,0,0,0
2018-11-11,PL,320x50,321,263,0,0,0,0,0,0
2018-11-11,PS,480x320,5,227,0,0,0,0,0,0
2018-11-11,CL,1280x720,288,37036,9,3.12,.01,.04,1.46,0
2018-11-11,IR,300x250,19,2490,0,0,0,0,0,0
2018-11-11,TM,768x1024,17,3245,0,0,0,0,0,0
2018-11-11,HU,320x50,106,109,0,0,0,0,0,0
2018-11-11,MX,640x480,1,154,0,0,0,0,0,0
2018-11-11,BT,720x1280,16,2718,0,0,0,0,0,0
2018-11-11,UZ,768x1024,197,40390,2,1.01,0,.01,1.50,0
2018-11-11,CY,728x1024,1,199,0,0,0,0,0,0
2018-11-11,PR,320x50,77,99,0,0,0,0,0,0
2018-11-11,HK,320x480,9324,968426,256,2.74,.40,.04,1.57,.01
2018-11-11,PL,1024x768,65,436,0,0,0,0,0,0
2018-11-11,LK,720x1280,13,4745,0,0,0,0,0,0
2018-11-11,CY,320x480,94,2018,0,0,0,0,0,0
2018-11-11,ZA,768x1024,11375,2540652,6254,54.98,9.67,.85,1.54,.59
2018-11-11,LT,720x1280,1,281,0,0,0,0,0,0
2018-11-11,ZW,300x250,724,827,0,0,0,0,0,0
2018-11-11,NU,300x250,6,0,0,0,0,0,0,0
2018-11-11,CO,1280x728,56,15745,38,67.85,.05,1.00,1.48,0
2018-11-11,AE,300x250,15744,346154,72,.45,.12,0,1.76,0
2018-11-11,FJ,768x1024,38,2899,0,0,0,0,0,0
2018-11-11,HK,320x50,497,1390,1,.20,0,0,2.00,0
2018-11-11,MZ,1920x1080,1,0,0,0,0,0,0,0
2018-11-11,CZ,1280x720,3,0,0,0,0,0,0,0
2018-11-11,SK,768x1024,37,4672,0,0,0,0,0,0
2018-11-11,JE,1280x728,1,63,0,0,0,0,0,0
2018-11-11,SE,728x1280,552,46027,213,38.58,.38,.69,1.78,0
2018-11-11,LK,728x1280,6,1009,0,0,0,0,0,0
2018-11-11,WF,1024x768,1,736,0,0,0,0,0,0
2018-11-11,AE,400x728,112,88627,9,8.03,.01,.16,2.00,0
2018-11-11,TJ,728x1280,2,781,0,0,0,0,0,0
2018-11-11,SO,1280x720,18,2945,0,0,0,0,0,0
2018-11-11,DE,1280x728,11,3518,4,36.36,0,.81,2.25,0
2018-11-11,FR,728x1024,45,11581,8,17.77,.01,.33,1.90,0
2018-11-11,GP,1280x720,1,0,0,0,0,0,0,0
2018-11-11,EC,480x320,118,1654,0,0,0,0,0,0
2018-11-11,DK,320x480,31655,134372,711,2.24,1.90,.06,2.67,1.24
2018-11-11,QA,480x320,67,136,2,2.98,0,.04,1.50,0
2018-11-11,MK,300x250,305,454,0,0,0,0,0,0
2018-11-11,MX,768x1024,209516,73925753,73802,35.22,119.88,.57,1.62,118.42
2018-11-11,RU,1280x760,9,1236,0,0,0,0,0,0
2018-11-11,AZ,300x250,1463,2454,0,0,0,0,0,0
2018-11-11,VN,768x1024,288,56109,0,0,0,0,0,0
2018-11-11,CR,728x1024,482,282699,40,8.29,.06,.12,1.53,0
2018-11-11,TR,1280x760,1,9,0,0,0,0,0,0
2018-11-11,CH,1024x768,222,21645,10,4.50,.01,.08,1.94,0
2018-11-11,TJ,300x250,779,781,0,0,0,0,0,0
2018-11-11,TN,720x1080,1,0,0,0,0,0,0,0
2018-11-11,CR,480x320,172,1454,0,0,0,0,0,0
2018-11-11,BE,728x1280,17,3845,0,0,0,0,0,0
2018-11-11,AE,640x360,0,9,0,0,0,0,0,0
2018-11-11,KZ,300x250,117,927,0,0,0,0,0,0
2018-11-11,FR,1920x1080,14,1645,0,0,0,0,0,0
2018-11-11,AL,320x480,17,27,0,0,0,0,0,0
2018-11-11,VE,728x1280,3,1190,2,66.66,0,.96,1.44,0
2018-11-11,SA,320x50,82,190,0,0,0,0,0,0
2018-11-11,BE,318x480,1,0,0,0,0,0,0,0
2018-11-11,UZ,720x1280,4,918,0,0,0,0,0,0
2018-11-11,AS,728x1024,4,1045,0,0,0,0,0,0
2018-11-11,HN,0x0,0,36,0,0,0,0,0,0
2018-11-11,HN,1920x1080,1,0,0,0,0,0,0,0
2018-11-11,GD,1280x720,48,2381,0,0,0,0,0,0
2018-11-11,KE,1280x720,6,927,0,0,0,0,0,0
2018-11-11,RU,728x1280,70,9581,0,0,0,0,0,0
2018-11-11,PE,768x1024,5502,1866516,919,16.70,1.50,.27,1.63,1.40
2018-11-11,JM,1920x1080,1,0,0,0,0,0,0,0
2018-11-11,PS,1920x1080,1,0,0,0,0,0,0,0
2018-11-11,CA,1280x728,3311,319490,1042,31.47,1.91,.57,1.83,0
2018-11-11,IL,320x100,29,45,0,0,0,0,0,0
2018-11-11,ZM,728x1024,1,0,0,0,0,0,0,0
2018-11-11,IT,720x1280,25,5245,0,0,0,0,0,0
2018-11-11,ID,1280x720,2332,140408,7,.30,.01,0,1.50,0
2018-11-11,MM,480x320,58,3299,0,0,0,0,0,0
2018-11-11,NZ,728x250,0,9,0,0,0,0,0,0
2018-11-11,IQ,728x1280,5,354,0,0,0,0,0,0
2018-11-11,CN,1280x720,4,663,0,0,0,0,0,0
2018-11-11,YE,320x50,1,0,0,0,0,0,0,0
2018-11-11,BR,320x480,312826,15969593,6664,2.13,11.57,.03,1.73,.99
2018-11-11,UZ,728x1280,6,1718,0,0,0,0,0,0
2018-11-11,IT,1280x728,3,372,0,0,0,0,0,0
2018-11-11,KR,300x250,271,1199,0,0,0,0,0,0
2018-11-11,NO,768x1024,99,9418,18,18.18,.04,.44,2.45,0
2018-11-11,TW,720x1280,255,50872,12,4.70,.02,.11,2.38,0
2018-11-11,SG,720x1280,199,11627,9,4.52,.02,.10,2.40,.02
2018-11-11,UZ,728x1024,4,427,0,0,0,0,0,0
2018-11-11,BB,300x250,80,63,0,0,0,0,0,0
2018-11-11,RO,320x480,163,1481,6,3.68,0,.05,1.49,0
2018-11-11,GE,480x320,17,18,0,0,0,0,0,0
2018-11-11,ET,480x320,3,18,0,0,0,0,0,0
2018-11-11,GD,1920x1080,7,190,0,0,0,0,0,0
2018-11-11,BE,1024x768,117,1472,1,.85,0,.01,1.38,0
2018-11-11,RU,728x1024,161,188327,0,0,0,0,0,0
2018-11-11,VN,300x250,2716,50399,0,0,0,0,0,0
2018-11-11,ZW,720x1280,5,1545,0,0,0,0,0,0
2018-11-11,GD,320x480,312,999,0,0,0,0,0,0
2018-11-11,SO,480x320,11,154,0,0,0,0,0,0
2018-11-11,VE,728x1024,2,999,0,0,0,0,0,0
2018-11-11,MG,1280x720,4,1145,0,0,0,0,0,0
2018-11-11,GB,720x1280,139,28490,1,.71,0,0,1.33,0
2018-11-11,NA,1024x768,1,18,0,0,0,0,0,0
2018-11-11,KG,300x250,1203,1490,0,0,0,0,0,0
2018-11-11,AI,720x1280,1,0,0,0,0,0,0,0
2018-11-11,SA,480x320,3264,5463,0,0,0,0,0,0
2018-11-11,LS,720x1280,2,199,0,0,0,0,0,0
2018-11-11,DZ,320x480,3,136,0,0,0,0,0,0
2018-11-11,NO,320x50,2,0,0,0,0,0,0,0
2018-11-11,CN,1920x1080,3,709,0,0,0,0,0,0
2018-11-11,BE,728x1024,4,181,0,0,0,0,0,0
2018-11-11,PY,480x320,12,54,0,0,0,0,0,0
2018-11-11,GA,300x250,713,1045,0,0,0,0,0,0
2018-11-11,US,728x400,16,263,0,0,0,0,0,0
2018-11-11,FM,300x250,116,72,0,0,0,0,0,0
2018-11-11,HT,300x250,193,2972,0,0,0,0,0,0
2018-11-11,US,1920x1080,97971,6942311,46567,47.53,73.19,.74,1.57,2.78
2018-11-11,CN,1280x728,1,72,0,0,0,0,0,0
2018-11-11,US,980x650,369,37745,50,13.55,.09,.25,1.88,.09
2018-11-11,ID,1280x728,69,10745,0,0,0,0,0,0
2018-11-11,MZ,768x1024,16,2199,0,0,0,0,0,0
2018-11-11,IT,1280x720,45,1527,0,0,0,0,0,0
2018-11-11,BJ,720x1280,3,45,0,0,0,0,0,0
2018-11-11,GL,400x728,1,0,0,0,0,0,0,0
2018-11-11,AR,0x0,51,390,0,0,0,0,0,0
2018-11-11,CA,1280x720,38941,4503686,18637,47.85,30.32,.77,1.62,.30
2018-11-11,MQ,300x250,3,1254,0,0,0,0,0,0
2018-11-11,IQ,480x320,113,1099,0,0,0,0,0,0
2018-11-11,ME,768x1024,6,2209,0,0,0,0,0,0
2018-11-11,GD,1280x728,1,0,0,0,0,0,0,0
2018-11-11,PS,320x480,67,1263,0,0,0,0,0,0
2018-11-11,MM,320x50,24,2518,0,0,0,0,0,0
2018-11-11,SK,320x480,137,272,0,0,0,0,0,0
2018-11-11,BA,768x1024,31,6381,0,0,0,0,0,0
2018-11-11,IR,1920x1080,1,109,0,0,0,0,0,0
2018-11-11,GM,728x1024,1,209,0,0,0,0,0,0
2018-11-11,SD,720x1280,1,445,0,0,0,0,0,0
2018-11-11,KZ,720x1280,17,3881,0,0,0,0,0,0
2018-11-11,BB,320x480,2,27,0,0,0,0,0,0
2018-11-11,AF,0x0,2,127,0,0,0,0,0,0
2018-11-11,ID,1920x1080,1630,165863,4,.24,0,0,1.50,0
2018-11-11,US,300x250,817573,4119950,16776,2.05,30.56,.03,1.82,20.97
2018-11-11,MN,728x1280,9,3872,0,0,0,0,0,0
2018-11-11,LY,728x1024,1,36,0,0,0,0,0,0
2018-11-11,SA,320x100,19,27,0,0,0,0,0,0
2018-11-11,BE,1920x1080,3,390,0,0,0,0,0,0
2018-11-11,MX,480x360,59,16945,0,0,0,0,0,0
2018-11-11,GA,320x480,110,199,0,0,0,0,0,0
2018-11-11,GB,300x250,1964,17018,0,0,0,0,0,0
2018-11-11,MX,320x100,21,263,0,0,0,0,0,0
2018-11-11,HU,1280x720,1,0,0,0,0,0,0,0
2018-11-11,BO,720x1280,1,1399,0,0,0,0,0,0
2018-11-11,PA,728x1280,15,4027,1,6.66,0,.10,1.60,0
2018-11-11,AF,1024x768,22,1309,0,0,0,0,0,0
2018-11-11,BY,728x1024,1,36,0,0,0,0,0,0
2018-11-11,CO,320x100,51,0,0,0,0,0,0,0
2018-11-11,SM,320x480,0,99,0,0,0,0,0,0
2018-11-11,MX,1920x1080,5370,1142707,462,8.60,.72,.13,1.57,.07
2018-11-11,BY,728x1280,1,299,0,0,0,0,0,0
2018-11-11,PF,320x480,25,99,0,0,0,0,0,0
2018-11-11,PA,728x1024,45,10899,2,4.44,0,.08,1.95,0
2018-11-11,ID,480x320,291,1654,0,0,0,0,0,0
2018-11-11,BW,768x1024,26,4799,0,0,0,0,0,0
2018-11-11,GW,728x1280,1,281,0,0,0,0,0,0
2018-11-11,IE,320x480,1072,20772,1,.09,0,0,2.54,0
2018-11-11,DE,480x320,902,17863,8,.88,.01,.01,1.70,0
2018-11-11,BW,320x480,12,18,0,0,0,0,0,0
2018-11-11,BO,1024x768,0,227,0,0,0,0,0,0
2018-11-11,PK,300x250,2670,4490,0,0,0,0,0,0
2018-11-11,JP,300x250,40,1381,0,0,0,0,0,0
2018-11-11,LY,728x1280,1,0,0,0,0,0,0,0
2018-11-11,AU,400x300,1,354,1,100.00,0,2.50,2.50,0
2018-11-11,NI,768x1024,60,15945,4,6.66,0,.10,1.50,0
2018-11-11,UA,1920x1080,10,1281,0,0,0,0,0,0
2018-11-11,GQ,300x250,58,27,0,0,0,0,0,0
2018-11-11,US,200x0,0,490,0,0,0,0,0,0
2018-11-11,MY,1920x1080,90,3827,1,1.11,0,.01,1.44,0
2018-11-11,PA,1280x760,1,0,0,0,0,0,0,0
2018-11-11,CV,768x1024,28,5854,0,0,0,0,0,0
2018-11-11,AU,728x1024,8041,1281407,5855,72.81,9.28,1.15,1.58,0
2018-11-11,LK,1920x1080,1,163,0,0,0,0,0,0
2018-11-11,EE,320x480,123,2672,0,0,0,0,0,0
2018-11-11,SC,768x1024,37,4745,0,0,0,0,0,0
2018-11-11,IN,300x250,28027,86499,1,0,0,0,1.50,0
2018-11-11,UG,320x100,1,18,0,0,0,0,0,0
2018-11-11,MN,480x320,20,2272,0,0,0,0,0,0
2018-11-11,KW,400x728,35,35027,0,0,0,0,0,0
2018-11-11,TL,320x480,31,381,0,0,0,0,0,0
2018-11-11,LB,1920x1080,351,43245,2,.56,0,0,1.44,0
2018-11-11,EG,1280x728,2,18,0,0,0,0,0,0
2018-11-11,SE,320x50,11,18,0,0,0,0,0,0
2018-11-11,SC,728x1280,2,72,0,0,0,0,0,0
2018-11-11,MV,728x1280,1,0,0,0,0,0,0,0
2018-11-11,ML,480x320,63,227,0,0,0,0,0,0
2018-11-11,SY,720x1280,12,736,0,0,0,0,0,0
2018-11-11,PH,768x1024,244,19718,1,.40,0,0,1.46,0
2018-11-11,BH,1920x1080,59,5054,10,16.94,.01,.26,1.58,0
2018-11-11,AR,1280x728,44,4781,0,0,0,0,0,0
2018-11-11,MN,300x250,1446,1972,0,0,0,0,0,0
2018-11-11,BH,720x1280,21,5863,8,38.09,.01,.60,1.59,0
2018-11-11,US,380x480,331,2836,0,0,0,0,0,0
2018-11-11,BM,1920x1080,3,199,0,0,0,0,0,0
2018-11-11,BS,320x480,1,290,0,0,0,0,0,0
2018-11-11,MA,320x100,5,9,0,0,0,0,0,0
2018-11-11,AF,768x1024,64,10572,0,0,0,0,0,0
2018-11-11,CL,1920x1080,117,19509,12,10.25,.01,.14,1.46,0
2018-11-11,AT,360x640,0,372,0,0,0,0,0,0
2018-11-11,KG,728x1280,7,1481,0,0,0,0,0,0
2018-11-11,LY,768x1024,22,2127,0,0,0,0,0,0
2018-11-11,NL,360x640,0,81,0,0,0,0,0,0
2018-11-11,GP,1024x768,0,9,0,0,0,0,0,0
2018-11-11,BH,728x1280,5,745,0,0,0,0,0,0
2018-11-11,UA,320x480,738,7163,0,0,0,0,0,0
2018-11-11,LA,1024x768,27,8718,0,0,0,0,0,0
2018-11-11,ID,300x250,1840,36054,0,0,0,0,0,0
2018-11-11,OM,728x1280,2,409,0,0,0,0,0,0
2018-11-11,CL,728x1280,10,6218,2,20.00,0,.30,1.50,0
2018-11-11,US,375x0,2,0,0,0,0,0,0,0
2018-11-11,LB,720x1080,2,36,0,0,0,0,0,0
2018-11-11,TG,480x320,46,45,0,0,0,0,0,0
2018-11-11,SG,320x50,268,399,0,0,0,0,0,0
2018-11-11,BR,400x300,0,9,0,0,0,0,0,0
2018-11-11,CL,728x1024,91,82709,45,49.45,.07,.78,1.59,0
2018-11-11,JM,480x320,108,118,0,0,0,0,0,0
2018-11-11,BW,728x1024,1,836,0,0,0,0,0,0
2018-11-11,BM,1024x768,1,190,0,0,0,0,0,0
2018-11-11,NL,1024x768,49,1845,0,0,0,0,0,0
2018-11-11,PT,300x250,488,1954,0,0,0,0,0,0
2018-11-11,AD,720x1280,1,136,0,0,0,0,0,0
2018-11-11,BG,480x320,97,154,0,0,0,0,0,0
2018-11-11,CH,1920x1080,161,14599,16,9.93,.02,.16,1.68,0
2018-11-11,YT,320x480,10,45,0,0,0,0,0,0
2018-11-11,MV,320x480,45,236,0,0,0,0,0,0
2018-11-11,BJ,768x1024,4,1527,0,0,0,0,0,0
2018-11-11,BR,1024x768,3796,850344,539,14.19,.98,.26,1.83,.07
2018-11-11,VN,1280x720,6,0,0,0,0,0,0,0
2018-11-11,BD,728x1280,25,2781,0,0,0,0,0,0
2018-11-11,TH,1920x1080,2,318,0,0,0,0,0,0
2018-11-11,IR,320x480,12,4599,2,16.66,0,.36,2.20,0
2018-11-11,IE,1280x720,235,20899,0,0,0,0,0,0
2018-11-11,IN,0x0,100,9,0,0,0,0,0,0
2018-11-11,IM,1920x1080,127,5436,17,13.38,.02,.21,1.60,.01
2018-11-11,GG,1920x1080,1,9,0,0,0,0,0,0
2018-11-11,OM,1024x768,3,372,0,0,0,0,0,0
2018-11-11,US,200x480,9,1090,9,100.00,.04,4.55,4.55,.03
2018-11-11,MV,728x1024,1,72,0,0,0,0,0,0
2018-11-11,CF,480x320,41,63,0,0,0,0,0,0
2018-11-11,GE,1280x720,1,99,0,0,0,0,0,0
2018-11-11,SE,480x360,1,0,0,0,0,0,0,0
2018-11-11,HN,720x1280,7,1999,0,0,0,0,0,0
2018-11-11,WF,300x250,40,45,0,0,0,0,0,0
2018-11-11,TZ,1280x728,2,0,0,0,0,0,0,0
2018-11-11,ZW,768x1024,12,4027,0,0,0,0,0,0
2018-11-11,US,480x360,1096,193563,136,12.40,.25,.23,1.85,.20
2018-11-11,CR,768x1024,580,225172,67,11.55,.10,.17,1.50,.02
2018-11-11,AR,480x320,5149,22009,0,0,0,0,0,0
2018-11-11,MO,728x1024,1,9,0,0,0,0,0,0
2018-11-11,SG,0x0,0,172,0,0,0,0,0,0
2018-11-11,PL,728x1280,1,0,0,0,0,0,0,0
2018-11-11,LI,768x1024,1,0,0,0,0,0,0,0
2018-11-11,TV,320x480,0,72,0,0,0,0,0,0
2018-11-11,KE,300x250,466,1099,1,.21,0,0,1.25,0
2018-11-11,KW,1920x1080,4,0,0,0,0,0,0,0
2018-11-11,QA,1024x768,46,1072,0,0,0,0,0,0
2018-11-11,KE,400x728,1,299,0,0,0,0,0,0
2018-11-11,NO,1920x1080,20,1154,23,114.99,.03,1.89,1.65,.01
2018-11-11,KG,1280x720,1,463,0,0,0,0,0,0
2018-11-11,GE,1024x768,3,572,0,0,0,0,0,0
2018-11-11,TR,768x1024,98,11727,0,0,0,0,0,0
2018-11-11,MV,400x728,1,309,0,0,0,0,0,0
2018-11-11,PE,728x1024,1002,294045,106,10.57,.16,.16,1.60,0
2018-11-11,CD,320x480,33,109,0,0,0,0,0,0
2018-11-11,TJ,1024x768,3,154,0,0,0,0,0,0
2018-11-11,AR,1920x1080,634,92827,33,5.20,.04,.07,1.43,0
2018-11-11,CH,480x360,1,0,1,100.00,0,2.50,2.50,0
2018-11-11,LY,300x250,990,1227,0,0,0,0,0,0
2018-11-11,EG,1280x720,20,4181,0,0,0,0,0,0
2018-11-11,UY,320x480,194,345,0,0,0,0,0,0
2018-11-11,AR,1280x720,1146,196136,34,2.96,.04,.04,1.46,0
2018-11-11,IN,320x50,10042,31690,1,0,0,0,1.50,0
2018-11-11,CA,640x480,3,327,1,33.33,0,.63,1.89,0
2018-11-11,KW,1024x768,1450,288281,248,17.10,.45,.31,1.83,0
2018-11-11,XK,320x480,0,9,0,0,0,0,0,0
2018-11-11,SI,1024x768,0,581,0,0,0,0,0,0
2018-11-11,BB,728x1024,1,90,0,0,0,0,0,0
2018-11-11,TZ,1280x720,45,2018,0,0,0,0,0,0
2018-11-11,CR,400x728,26,12372,0,0,0,0,0,0
2018-11-11,NZ,320x100,48,90,0,0,0,0,0,0
2018-11-11,US,401x300,3,354,1,33.33,0,.83,2.50,0
2018-11-11,IS,320x50,1,0,0,0,0,0,0,0
2018-11-11,US,250x0,0,554,0,0,0,0,0,0
2018-11-11,IE,1280x728,13,599,0,0,0,0,0,0
2018-11-11,CD,768x1024,19,3245,0,0,0,0,0,0
2018-11-11,MY,728x1024,330,348154,8,2.42,.01,.03,1.50,0
2018-11-11,SZ,720x1280,3,399,0,0,0,0,0,0
2018-11-11,HN,1280x720,3,690,0,0,0,0,0,0
2018-11-11,TM,320x480,3,45,0,0,0,0,0,0
2018-11-11,FR,1024x768,1176,18827,3,.25,0,0,1.77,0
2018-11-11,CO,728x1280,66,14681,26,39.39,.04,.63,1.60,0
2018-11-11,DJ,1280x720,1,81,0,0,0,0,0,0
2018-11-11,VN,1280x728,1,0,0,0,0,0,0,0
2018-11-11,IL,1024x768,1,63,0,0,0,0,0,0
2018-11-11,NP,720x1280,37,7636,0,0,0,0,0,0
2018-11-11,KZ,480x320,65,3127,0,0,0,0,0,0
2018-11-11,TD,768x1024,1,0,0,0,0,0,0,0
2018-11-11,MA,768x1024,143,18599,0,0,0,0,0,0
2018-11-11,WS,320x480,0,36,0,0,0,0,0,0
2018-11-11,PE,720x1280,70,34809,2,2.85,0,.08,2.84,0
2018-11-11,PE,728x1280,126,38609,5,3.96,0,.06,1.67,0
2018-11-11,MN,728x1024,6,1418,0,0,0,0,0,0
2018-11-11,PK,1024x768,42,2090,0,0,0,0,0,0
2018-11-11,TL,300x250,212,345,0,0,0,0,0,0
2018-11-11,MK,1280x720,5,590,0,0,0,0,0,0
2018-11-11,HU,720x1280,3,145,0,0,0,0,0,0
2018-11-11,MK,480x320,11,9,0,0,0,0,0,0
2018-11-11,RU,720x1280,281,37327,0,0,0,0,0,0
2018-11-11,PT,1280x728,3,0,0,0,0,0,0,0
2018-11-11,TH,480x320,6,0,0,0,0,0,0,0
2018-11-11,TJ,768x1024,78,10636,0,0,0,0,0,0
2018-11-11,BI,728x1024,2,81,0,0,0,0,0,0
2018-11-11,IT,728x1280,4,536,0,0,0,0,0,0
2018-11-11,PT,720x1280,1,409,0,0,0,0,0,0
2018-11-11,BO,1280x720,1,1490,0,0,0,0,0,0
2018-11-11,IQ,720x1280,13,2763,0,0,0,0,0,0
2018-11-11,DE,320x100,42,518,0,0,0,0,0,0
2018-11-11,IE,300x250,67,199,0,0,0,0,0,0
2018-11-11,ZW,480x320,5,9,0,0,0,0,0,0
2018-11-11,IN,1280x728,33,5372,0,0,0,0,0,0
2018-11-11,US,400x720,9,263,0,0,0,0,0,0
2018-11-11,VU,1280x720,2,0,0,0,0,0,0,0
2018-11-11,TH,1024x768,7,81,0,0,0,0,0,0
2018-11-11,PT,728x1280,3,990,0,0,0,0,0,0
2018-11-11,BZ,720x1280,4,981,0,0,0,0,0,0
2018-11-11,TO,768x1024,16,2090,0,0,0,0,0,0
2018-11-11,SG,1024x768,2594,27181,34,1.31,.05,.02,1.56,.02
2018-11-11,AS,1024x768,2,9,0,0,0,0,0,0
2018-11-11,AI,300x250,47,54,0,0,0,0,0,0
2018-11-11,RO,320x50,15,18,0,0,0,0,0,0
2018-11-11,TW,1024x768,589,758108,847,143.80,1.28,2.17,1.51,0
2018-11-11,QA,768x1024,1569,6727,7,.44,.01,0,1.85,.01
2018-11-11,QA,400x728,1,0,0,0,0,0,0,0
2018-11-11,SX,300x250,28,36,0,0,0,0,0,0
2018-11-11,BH,0x0,0,36,0,0,0,0,0,0
2018-11-11,AL,1280x728,1,9,0,0,0,0,0,0
2018-11-11,GL,768x1024,2,99,0,0,0,0,0,0
2018-11-11,LY,480x320,14,118,0,0,0,0,0,0
2018-11-11,NA,728x1024,1,0,0,0,0,0,0,0
2018-11-11,ES,320x50,398,590,0,0,0,0,0,0
2018-11-11,UY,1920x1080,1,199,0,0,0,0,0,0
2018-11-11,CM,720x1280,14,2718,3,21.42,0,.42,2.00,0
2018-11-11,IS,320x480,0,9,0,0,0,0,0,0
2018-11-11,BB,768x1024,8,899,0,0,0,0,0,0
2018-11-11,CR,1280x728,59,10681,7,11.86,.01,.17,1.44,0
2018-11-11,SG,480x320,458,1972,10,2.18,.01,.03,1.70,.01
2018-11-11,LY,1280x720,2,63,0,0,0,0,0,0
2018-11-11,IT,1024x768,205,10390,0,0,0,0,0,0
2018-11-11,GH,1280x720,5,927,0,0,0,0,0,0
2018-11-11,AW,320x480,10,9,0,0,0,0,0,0
2018-11-11,MM,720x1280,30,2272,0,0,0,0,0,0
2018-11-11,LU,300x250,4,0,0,0,0,0,0,0
2018-11-11,PR,1280x720,3,372,0,0,0,0,0,0
2018-11-11,RO,1024x768,26,372,0,0,0,0,0,0
2018-11-11,N/A,320x100,59,781,0,0,0,0,0,0
2018-11-11,TW,400x728,339,322581,15,4.42,.02,.08,1.89,0
2018-11-11,AU,320x50,140,1609,0,0,0,0,0,0
2018-11-11,NZ,320x50,17,145,1,5.88,0,.08,1.50,0
2018-11-11,GM,480x320,42,54,0,0,0,0,0,0
2018-11-11,CA,728x1024,7668,862108,3764,49.08,7.74,1.01,2.05,0
2018-11-11,CN,320x480,90,7581,0,0,0,0,0,0
2018-11-11,KH,1920x1080,2,527,0,0,0,0,0,0
2018-11-11,SI,768x1024,4,781,1,25.00,0,.44,1.77,0
2018-11-11,MW,320x480,48,90,0,0,0,0,0,0
2018-11-11,PL,768x1024,76,2818,0,0,0,0,0,0
2018-11-11,KR,320x50,2,0,0,0,0,0,0,0
2018-11-11,SR,1280x720,4,2563,0,0,0,0,0,0
2018-11-11,PW,480x320,10,9,0,0,0,0,0,0
2018-11-11,SG,728x1280,14,2009,1,7.14,0,.11,1.60,0
2018-11-11,TR,720x1280,22,2836,0,0,0,0,0,0
2018-11-11,US,320x480,1580853,150520867,384776,24.33,819.76,.51,2.13,279.98
2018-11-11,US,728x1280,123319,18840462,135691,110.03,226.66,1.83,1.67,98.44
2018-11-11,MA,728x1024,2,45,0,0,0,0,0,0
2018-11-11,AZ,400x728,1,1081,0,0,0,0,0,0
2018-11-11,HR,320x480,92,4599,0,0,0,0,0,0
2018-11-11,BI,320x480,22,9,0,0,0,0,0,0
2018-11-11,NA,320x480,46,36,0,0,0,0,0,0
2018-11-11,IT,728x1024,17,2099,0,0,0,0,0,0
2018-11-11,MW,1920x1080,2,0,0,0,0,0,0,0
2018-11-11,ZA,1280x760,1,0,0,0,0,0,0,0
2018-11-11,IM,1280x720,179,11327,15,8.37,.02,.13,1.60,0
2018-11-11,LT,480x320,18,0,0,0,0,0,0,0
2018-11-11,AW,300x250,117,127,0,0,0,0,0,0
2018-11-11,PR,1024x768,145,663,1,.68,0,.01,2.00,0
2018-11-11,VU,720x1280,2,899,0,0,0,0,0,0
2018-11-11,CA,720x1080,8445,809026,6430,76.13,9.68,1.14,1.50,0
2018-11-11,SE,320x480,24588,896717,6592,26.80,9.93,.40,1.50,.45
2018-11-11,VE,1280x720,6,2154,0,0,0,0,0,0
2018-11-11,IR,728x1024,1,172,0,0,0,0,0,0
2018-11-11,ES,728x1024,25,5654,0,0,0,0,0,0
2018-11-11,US,400x728,16670,5858830,13143,78.84,29.27,1.75,2.22,0
2018-11-11,MY,400x728,206,199408,4,1.94,0,.03,2.00,0
2018-11-11,GA,728x1280,1,563,0,0,0,0,0,0
2018-11-11,PR,480x320,38,772,0,0,0,0,0,0
2018-11-11,RE,728x1280,1,0,0,0,0,0,0,0
2018-11-11,VU,1280x728,1,254,0,0,0,0,0,0
2018-11-11,TN,728x1280,4,209,0,0,0,0,0,0
2018-11-11,NC,480x320,7,9,0,0,0,0,0,0
2018-11-11,IM,1024x768,22,1663,3,13.63,0,.27,2.00,0
2018-11-11,HR,300x250,490,681,0,0,0,0,0,0
2018-11-11,CH,400x728,3,1199,0,0,0,0,0,0
2018-11-11,PY,320x100,0,18,0,0,0,0,0,0
2018-11-11,FI,480x320,147,6299,1,.68,0,.01,2.71,0
2018-11-11,RU,360x640,36,936,0,0,0,0,0,0
2018-11-11,IN,1280x720,211,33218,0,0,0,0,0,0
2018-11-11,TZ,320x50,53,18,0,0,0,0,0,0
2018-11-11,ID,728x1280,57,19399,1,1.75,0,.03,1.82,0
2018-11-11,PT,1280x720,3,454,0,0,0,0,0,0
2018-11-11,SA,1280x728,14,1590,0,0,0,0,0,0
2018-11-11,GA,720x1280,4,1636,0,0,0,0,0,0
2018-11-11,MN,1920x1080,5,699,0,0,0,0,0,0
2018-11-11,NO,300x250,308,11654,38,12.33,.05,.18,1.50,.04
2018-11-11,TW,320x480,70748,2840715,2409,3.40,3.82,.05,1.58,1.42
2018-11-11,JM,728x1024,3,1345,0,0,0,0,0,0
2018-11-11,IR,1024x768,8,327,0,0,0,0,0,0
2018-11-11,PT,480x320,2852,41472,0,0,0,0,0,0
2018-11-11,NZ,768x1024,861,179381,239,27.75,.41,.48,1.75,.36
2018-11-11,JO,480x320,3,163,0,0,0,0,0,0
2018-11-11,MK,1024x768,1,127,0,0,0,0,0,0
2018-11-11,IR,720x1280,3,136,0,0,0,0,0,0
2018-11-11,MD,300x250,972,1518,0,0,0,0,0,0
2018-11-11,ID,728x1024,228,179327,5,2.19,0,.03,1.42,0
2018-11-11,GA,1024x768,1,318,0,0,0,0,0,0
2018-11-11,JM,728x1280,4,218,0,0,0,0,0,0
2018-11-11,IM,1280x728,16,1027,2,12.50,0,.17,1.43,0
2018-11-11,OM,768x1024,144,19290,11,7.63,.01,.12,1.62,.01
2018-11-11,AF,720x1280,5,2136,0,0,0,0,0,0
2018-11-11,SR,720x1280,4,781,0,0,0,0,0,0
2018-11-11,CA,360x640,0,9,0,0,0,0,0,0
2018-11-11,LC,720x1280,1,36,0,0,0,0,0,0
2018-11-11,SS,300x250,8,0,0,0,0,0,0,0
2018-11-11,PH,720x1280,296,13172,0,0,0,0,0,0
2018-11-11,KG,768x1024,95,17309,0,0,0,0,0,0
2018-11-11,ZM,1280x720,1,554,0,0,0,0,0,0
2018-11-11,QA,320x480,1909,9809,2,.10,0,0,1.50,0
2018-11-11,CH,1280x720,529,67609,32,6.04,.05,.09,1.59,0
2018-11-11,GH,1280x728,1,72,0,0,0,0,0,0
2018-11-11,IR,728x1280,1,272,0,0,0,0,0,0
2018-11-11,AU,570x430,6,963,0,0,0,0,0,0
2018-11-11,TL,768x1024,11,527,0,0,0,0,0,0
2018-11-11,VI,1280x720,1,581,0,0,0,0,0,0
2018-11-11,CM,1280x720,8,818,0,0,0,0,0,0
2018-11-11,EE,1024x768,1,818,0,0,0,0,0,0
2018-11-11,PR,1280x728,0,209,0,0,0,0,0,0
2018-11-11,NL,768x1024,59,7899,4,6.77,0,.15,2.22,0
2018-11-11,AU,0x0,0,81,0,0,0,0,0,0
2018-11-11,ML,300x250,439,436,0,0,0,0,0,0
2018-11-11,AL,1280x720,1,218,0,0,0,0,0,0
2018-11-11,BD,1920x1080,12,2799,0,0,0,0,0,0
2018-11-11,SV,320x480,11,172,0,0,0,0,0,0
2018-11-11,CR,1280x720,760,84245,226,29.73,.35,.47,1.58,0
2018-11-11,AE,320x100,4,45,0,0,0,0,0,0
2018-11-11,MV,768x1024,46,6554,0,0,0,0,0,0
2018-11-11,KH,1280x720,5,2427,0,0,0,0,0,0
2018-11-11,IM,768x1024,22,2572,4,18.18,0,.31,1.73,0
2018-11-11,KG,720x1280,2,1318,0,0,0,0,0,0
2018-11-11,CW,300x250,426,436,0,0,0,0,0,0
2018-11-11,GW,480x320,2,0,0,0,0,0,0,0
2018-11-11,PS,1280x720,2,790,0,0,0,0,0,0
2018-11-11,NZ,1280x760,1,0,0,0,0,0,0,0
2018-11-11,UY,768x1024,26,3727,0,0,0,0,0,0
2018-11-11,BA,728x1024,2,536,0,0,0,0,0,0
2018-11-11,PA,300x250,28,90,0,0,0,0,0,0
2018-11-11,RS,320x480,6,145,0,0,0,0,0,0
2018-11-11,KR,320x100,1,54,0,0,0,0,0,0
2018-11-11,NZ,1024x768,415,54499,46,11.08,.08,.20,1.84,0
2018-11-11,KW,1280x720,173,30572,25,14.45,.04,.24,1.69,0
2018-11-11,CY,300x250,155,163,0,0,0,0,0,0
2018-11-11,LB,1280x720,390,71309,0,0,0,0,0,0
2018-11-11,CV,1280x728,1,354,0,0,0,0,0,0
2018-11-11,VN,320x50,658,2263,0,0,0,0,0,0
2018-11-11,AM,728x1280,6,881,0,0,0,0,0,0
2018-11-11,NL,1280x728,3,136,0,0,0,0,0,0
2018-11-11,BR,720x1280,3771,638735,558,14.79,.93,.24,1.67,.93
2018-11-11,BZ,480x320,5,63,0,0,0,0,0,0
2018-11-11,MD,480x320,11,99,0,0,0,0,0,0
2018-11-11,GU,728x1024,17,12409,0,0,0,0,0,0
2018-11-11,BT,480x320,15,9,0,0,0,0,0,0
2018-11-11,DE,300x250,2414,38754,0,0,0,0,0,0
2018-11-11,US,570x430,47,13245,27,57.44,.05,1.23,2.14,0
2018-11-11,TZ,1920x1080,7,36,0,0,0,0,0,0
2018-11-11,PT,1920x1080,7,1899,0,0,0,0,0,0
2018-11-11,KZ,768x1024,689,122254,1,.14,0,0,1.77,0
2018-11-11,NZ,728x1280,85,14790,10,11.76,.01,.22,1.92,0
2018-11-11,LA,1280x728,2,445,0,0,0,0,0,0
2018-11-11,NZ,400x300,0,318,0,0,0,0,0,0
2018-11-11,KE,320x480,92,1309,0,0,0,0,0,0
2018-11-11,HK,720x1280,304,62381,3,.98,0,.02,2.03,0
2018-11-11,LK,400x300,0,9,0,0,0,0,0,0
2018-11-11,AU,640x480,3,163,0,0,0,0,0,0
2018-11-11,CH,408x320,1,18,0,0,0,0,0,0
2018-11-11,NO,480x320,784,22909,39,4.97,.06,.08,1.78,.04
2018-11-11,YE,720x1280,2,236,0,0,0,0,0,0
2018-11-11,JP,728x1280,1,0,0,0,0,0,0,0
2018-11-11,SE,728x1080,12,581,5,41.66,0,.77,1.86,0
2018-11-11,SB,300x250,2,9,0,0,0,0,0,0
2018-11-11,BH,320x480,36,5518,2,5.55,0,.09,1.75,0
2018-11-11,ZA,300x250,6483,80381,0,0,0,0,0,0
2018-11-11,AW,1024x768,1,9,0,0,0,0,0,0
2018-11-11,TZ,480x320,31,27,0,0,0,0,0,0
2018-11-11,ES,480x320,2806,75590,0,0,0,0,0,0
2018-11-11,FJ,320x480,30,18,0,0,0,0,0,0
2018-11-11,FI,300x250,28,909,0,0,0,0,0,0
2018-11-11,HN,728x1280,1,0,0,0,0,0,0,0
2018-11-11,PE,1280x720,95,35563,4,4.21,0,.08,2.00,0
2018-11-11,VI,400x728,0,63,0,0,0,0,0,0
2018-11-11,US,768x576,19,536,0,0,0,0,0,0
2018-11-11,N/A,1024x768,44,1709,0,0,0,0,0,0
2018-11-11,TR,480x320,204,736,0,0,0,0,0,0
2018-11-11,UY,300x250,97,3390,0,0,0,0,0,0
2018-11-11,CI,320x480,12,45,0,0,0,0,0,0
2018-11-11,BD,1280x728,4,654,0,0,0,0,0,0
2018-11-11,IS,480x320,39,54,0,0,0,0,0,0
2018-11-11,BH,1024x768,13,372,0,0,0,0,0,0
2018-11-11,BN,320x480,41,327,0,0,0,0,0,0
2018-11-11,SO,728x1280,12,2181,0,0,0,0,0,0
2018-11-11,US,640x360,365,66999,260,71.23,.65,1.78,2.50,.50
2018-11-11,GD,480x320,189,445,0,0,0,0,0,0
2018-11-11,US,198x480,1,0,0,0,0,0,0,0
2018-11-11,US,408x320,3,90,1,33.33,0,1.66,5.00,0
2018-11-11,BR,728x1024,3008,2538333,688,22.87,1.26,.41,1.83,0
2018-11-11,AU,300x250,6526,47927,2,.03,0,0,1.50,0
2018-11-11,ES,640x360,37,454,0,0,0,0,0,0
2018-11-11,SC,1280x720,3,645,0,0,0,0,0,0
2018-11-11,MY,320x100,1,27,0,0,0,0,0,0
2018-11-11,BH,300x250,72170,146918,17,.02,.02,0,1.49,.01
2018-11-11,VI,320x480,45,1072,2,4.44,0,.06,1.55,0
2018-11-11,IL,720x1280,16,3999,0,0,0,0,0,0
2018-11-11,SE,640x360,6,27,0,0,0,0,0,0
2018-11-11,UG,320x50,2,245,0,0,0,0,0,0
2018-11-11,CF,720x1280,1,245,0,0,0,0,0,0
2018-11-11,MR,768x1024,49,5754,0,0,0,0,0,0
2018-11-11,NO,1280x760,1,9,0,0,0,0,0,0
2018-11-11,NL,1280x720,50,9009,0,0,0,0,0,0
2018-11-11,LB,1280x728,62,7536,0,0,0,0,0,0
2018-11-11,IT,300x250,1383,10245,0,0,0,0,0,0
2018-11-11,KM,720x1280,1,0,0,0,0,0,0,0
2018-11-11,PT,320x480,1906,85290,5,.26,.01,0,2.27,0
2018-11-11,CL,320x480,7637,37490,14,.18,.02,0,1.51,0
2018-11-11,BD,480x320,33,509,0,0,0,0,0,0
2018-11-11,KR,1920x1080,1,63,0,0,0,0,0,0
2018-11-11,DE,1024x768,2117,498563,3,.14,0,0,1.80,0
2018-11-11,SY,1920x1080,34,1836,0,0,0,0,0,0
2018-11-11,GI,720x1280,1,0,0,0,0,0,0,0
2018-11-11,ZM,768x1024,7,436,0,0,0,0,0,0
2018-11-11,RW,728x1280,2,136,0,0,0,0,0,0
2018-11-11,KW,1280x728,96,48118,16,16.66,.02,.26,1.61,0
2018-11-11,MO,1024x768,1,999,0,0,0,0,0,0
2018-11-11,NO,728x1024,27,2354,5,18.51,.01,.37,2.05,0
2018-11-11,SA,400x728,15,10809,0,0,0,0,0,0
2018-11-11,SE,1024x768,272,35118,100,36.76,.17,.64,1.74,0
2018-11-11,SE,1280x760,7,136,0,0,0,0,0,0
2018-11-11,CO,1024x768,813,115918,97,11.93,.15,.18,1.55,.13
2018-11-11,US,250x480,6,1127,4,66.66,.01,3.08,4.62,.01
2018-11-11,NO,728x1280,97,7699,19,19.58,.03,.34,1.77,0
2018-11-11,LI,320x480,7,0,0,0,0,0,0,0
2018-11-11,IQ,768x1024,324,58827,7,2.16,.01,.05,2.32,.01
2018-11-11,SE,720x1280,405,66799,28,6.91,.04,.12,1.75,.01
2018-11-11,VG,1024x768,1,18,0,0,0,0,0,0
2018-11-11,KR,480x320,18,209,0,0,0,0,0,0
2018-11-11,HR,1024x768,42,45,0,0,0,0,0,0
2018-11-11,GU,320x480,87,181,0,0,0,0,0,0
2018-11-11,MU,728x1280,5,545,0,0,0,0,0,0
2018-11-11,AF,320x480,224,3981,0,0,0,0,0,0
2018-11-11,BD,1280x720,15,1890,0,0,0,0,0,0
2018-11-11,ID,320x50,2314,11209,0,0,0,0,0,0
2018-11-11,PS,320x50,1,90,0,0,0,0,0,0
2018-11-11,US,360x640,390,67445,271,69.48,.66,1.71,2.46,.48
2018-11-11,NO,720x1280,16,818,8,50.00,.01,.93,1.87,0
2018-11-11,PE,1280x728,94,30963,4,4.25,0,.06,1.44,0
2018-11-11,IT,768x1024,67,7854,0,0,0,0,0,0
2018-11-11,LA,1280x720,8,4854,0,0,0,0,0,0
2018-11-11,SR,300x250,1219,1790,0,0,0,0,0,0
2018-11-11,BE,768x1024,189,53836,2,1.05,0,.01,1.71,0
2018-11-11,GR,480x320,27,363,0,0,0,0,0,0
2018-11-11,ST,768x1024,1,327,0,0,0,0,0,0
2018-11-11,UA,300x250,412,554,0,0,0,0,0,0
2018-11-11,IE,720x1280,12,2536,0,0,0,0,0,0
2018-11-11,N/A,0x0,0,390,0,0,0,0,0,0
2018-11-11,CH,1280x728,74,9463,7,9.45,.01,.15,1.68,0
2018-11-11,CU,768x1024,3,81,0,0,0,0,0,0
2018-11-11,TD,300x250,10,27,0,0,0,0,0,0
2018-11-11,SS,320x480,5,290,0,0,0,0,0,0
2018-11-11,SA,1280x720,559,143690,4,.71,0,.01,1.76,0
2018-11-11,TH,728x1024,2,245,0,0,0,0,0,0
2018-11-11,DJ,300x250,434,399,0,0,0,0,0,0
2018-11-11,MM,728x1024,41,4918,1,2.43,0,.03,1.50,0
2018-11-11,LB,480x320,14,254,0,0,0,0,0,0
2018-11-11,LT,768x1024,10,4381,0,0,0,0,0,0
2018-11-11,LC,320x480,10,9,0,0,0,0,0,0
2018-11-11,GE,1920x1080,1,554,0,0,0,0,0,0
2018-11-11,SZ,768x1024,4,536,0,0,0,0,0,0
2018-11-11,QA,300x250,37679,74681,0,0,0,0,0,0
2018-11-11,GE,768x1024,90,13390,0,0,0,0,0,0
2018-11-11,BZ,728x1280,2,81,0,0,0,0,0,0
2018-11-11,US,630x356,0,18,0,0,0,0,0,0
2018-11-11,PF,300x250,267,290,0,0,0,0,0,0
2018-11-11,AZ,1920x1080,2,145,0,0,0,0,0,0
2018-11-11,HN,480x320,77,90,0,0,0,0,0,0
2018-11-11,IR,400x300,0,90,0,0,0,0,0,0
2018-11-11,AG,300x250,94,109,0,0,0,0,0,0
2018-11-11,US,1280x760,359,28427,100,27.85,.17,.48,1.74,0
2018-11-11,PE,1920x1080,128,41718,7,5.46,.01,.08,1.54,0
2018-11-11,CR,1024x768,233,76299,18,7.72,.02,.11,1.50,0
2018-11-11,DO,320x480,55,809,0,0,0,0,0,0
2018-11-11,TR,728x1024,46,4772,0,0,0,0,0,0
2018-11-11,EE,300x250,65,45,0,0,0,0,0,0
2018-11-11,CO,1920x1080,270,32672,17,6.29,.02,.09,1.49,0
2018-11-11,BJ,1280x720,1,736,0,0,0,0,0,0
2018-11-11,IN,320x480,37060,155827,1,0,0,0,1.50,0
2018-11-11,DK,728x1280,1,0,0,0,0,0,0,0
2018-11-11,KZ,320x50,1,0,0,0,0,0,0,0
2018-11-11,VE,720x1280,10,7418,0,0,0,0,0,0
2018-11-11,BS,480x320,0,18,0,0,0,0,0,0
2018-11-11,AE,728x1280,51,20136,209,409.80,.32,6.40,1.56,0
2018-11-11,US,414x0,4,0,0,0,0,0,0,0
2018-11-11,N/A,320x50,2,0,0,0,0,0,0,0
2018-11-11,SK,1024x768,9,409,0,0,0,0,0,0
2018-11-11,DK,728x1024,6,1309,0,0,0,0,0,0
2018-11-11,CY,768x1024,6,1081,0,0,0,0,0,0
2018-11-11,US,250x250,0,27,0,0,0,0,0,0
2018-11-11,US,720x1280,189381,27684254,114550,60.48,224.84,1.18,1.96,95.20
2018-11-11,OM,300x250,35761,72699,44,.12,.06,0,1.50,.04
2018-11-11,FJ,728x1024,3,209,0,0,0,0,0,0
2018-11-11,AT,300x250,714,1727,1,.14,0,0,2.25,0
2018-11-11,ZA,1920x1080,808,178118,437,54.08,.65,.81,1.50,0
2018-11-11,ST,1024x768,1,36,0,0,0,0,0,0
2018-11-11,AU,320x100,23,9,0,0,0,0,0,0
2018-11-11,NG,320x480,27,590,0,0,0,0,0,0
2018-11-11,EC,728x1280,4,163,0,0,0,0,0,0
2018-11-11,AU,480x360,4,309,0,0,0,0,0,0
2018-11-11,RW,768x1024,14,1318,0,0,0,0,0,0
2018-11-11,BF,1280x720,1,463,0,0,0,0,0,0
2018-11-11,FM,768x1024,23,2990,0,0,0,0,0,0
2018-11-11,VE,320x480,62,72,0,0,0,0,0,0
2018-11-11,GL,320x480,2,9,0,0,0,0,0,0
2018-11-11,MH,720x1280,1,163,0,0,0,0,0,0
2018-11-11,IN,1024x768,122,7154,0,0,0,0,0,0
2018-11-11,FI,1280x720,1,409,0,0,0,0,0,0
2018-11-11,VI,320x100,7,18,0,0,0,0,0,0
2018-11-11,CD,1024x768,1,0,0,0,0,0,0,0
2018-11-11,ZW,728x1280,1,154,0,0,0,0,0,0
2018-11-11,ZA,1024x768,3825,821799,2366,61.85,3.65,.95,1.54,0
2018-11-11,PA,1920x1080,31,4981,4,12.90,0,.19,1.48,0
2018-11-11,GB,1280x728,35,2772,1,2.85,0,.04,1.70,0
2018-11-11,SN,1024x768,2,0,0,0,0,0,0,0
2018-11-11,CA,480x320,16324,82118,2226,13.63,3.21,.19,1.44,2.13
2018-11-11,SK,320x50,28,27,0,0,0,0,0,0
2018-11-11,RO,300x250,256,372,0,0,0,0,0,0
2018-11-11,KE,720x1280,4,809,0,0,0,0,0,0
2018-11-11,GR,728x1024,4,1427,0,0,0,0,0,0
2018-11-11,OM,320x480,300,35018,19,6.33,.03,.12,1.99,.02
2018-11-11,MR,320x480,28,27,0,0,0,0,0,0
2018-11-11,JM,1024x768,2,90,0,0,0,0,0,0
2018-11-11,MY,320x50,160,163,0,0,0,0,0,0
2018-11-11,AD,768x1024,4,654,0,0,0,0,0,0
2018-11-11,SH,1024x768,1,0,0,0,0,0,0,0
2018-11-11,AE,360x640,0,36,0,0,0,0,0,0
2018-11-11,NL,1920x1080,9,363,0,0,0,0,0,0
2018-11-11,NZ,1920x1080,227,20245,7,3.08,.01,.05,1.69,0
2018-11-11,UY,728x1024,1,0,0,0,0,0,0,0
2018-11-11,BY,1024x768,1,0,0,0,0,0,0,0
2018-11-11,ZA,480x320,12714,140427,17,.13,.03,0,2.02,.02
2018-11-11,KG,1920x1080,1,0,0,0,0,0,0,0
2018-11-11,DZ,300x250,2533,3527,0,0,0,0,0,0
2018-11-11,MX,1024x768,3178,951808,630,19.82,.98,.31,1.57,.06
2018-11-11,AU,640x360,0,63,0,0,0,0,0,0
2018-11-11,NA,300x250,1,0,0,0,0,0,0,0
2018-11-11,BE,480x320,643,11090,1,.15,0,0,2.71,0
2018-11-11,CA,1920x1080,20144,2065852,7357,36.52,11.67,.57,1.58,1.65
2018-11-11,NA,1280x720,4,1472,0,0,0,0,0,0
2018-11-11,NL,320x480,27623,156263,113,.40,.28,.01,2.54,.19
2018-11-11,CL,480x320,713,4390,0,0,0,0,0,0
2018-11-11,BG,300x250,25,63,0,0,0,0,0,0
2018-11-11,ZM,320x50,1,0,0,0,0,0,0,0
2018-11-11,ES,1024x768,124,18118,0,0,0,0,0,0
2018-11-11,KZ,728x1280,8,1918,0,0,0,0,0,0
2018-11-11,PW,1024x768,2,654,0,0,0,0,0,0
2018-11-11,IE,1920x1080,37,3699,0,0,0,0,0,0
2018-11-11,GB,1280x720,1270,113981,3,.23,0,0,1.78,0
2018-11-11,KZ,728x1024,9,1163,0,0,0,0,0,0
2018-11-11,MF,480x320,3,0,0,0,0,0,0,0
2018-11-11,LB,320x100,3,27,0,0,0,0,0,0
2018-11-11,SB,1280x720,1,127,0,0,0,0,0,0
2018-11-11,AU,1280x760,20,536,0,0,0,0,0,0
2018-11-11,GF,768x1024,0,263,0,0,0,0,0,0
2018-11-11,BR,400x728,717,529626,89,12.41,.17,.24,1.99,0
2018-11-11,KY,300x250,3,9,0,0,0,0,0,0
2018-11-11,SY,768x1024,33,4727,0,0,0,0,0,0
2018-11-11,DE,408x320,1,0,0,0,0,0,0,0
2018-11-11,BY,720x1280,1,145,0,0,0,0,0,0
2018-11-11,BF,1280x728,1,99,0,0,0,0,0,0
2018-11-11,ID,1024x768,2367,340272,7,.29,.01,0,1.50,.01
2018-11-11,KR,320x480,3035,5972,0,0,0,0,0,0
2018-11-11,HK,480x320,268,2727,0,0,0,0,0,0
2018-11-11,GY,300x250,0,99,0,0,0,0,0,0
2018-11-11,TG,720x1280,1,63,0,0,0,0,0,0
2018-11-11,SX,1280x720,6,263,0,0,0,0,0,0
2018-11-11,GR,728x1280,1,109,0,0,0,0,0,0
2018-11-11,AG,320x480,3,109,0,0,0,0,0,0
2018-11-11,LY,720x1280,5,518,0,0,0,0,0,0
2018-11-11,PE,400x728,189,84927,19,10.05,.03,.20,2.03,0
2018-11-11,IL,480x320,14,36,0,0,0,0,0,0
2018-11-11,BJ,1024x768,3,254,0,0,0,0,0,0
2018-11-11,PH,728x1280,178,8536,0,0,0,0,0,0
2018-11-11,BI,1280x720,2,1045,0,0,0,0,0,0
2018-11-11,IM,728x1280,4,181,1,25.00,0,.40,1.60,0
2018-11-11,AW,768x1024,47,17881,0,0,0,0,0,0
2018-11-11,DO,480x320,14,436,0,0,0,0,0,0
2018-11-11,GU,300x250,59,154,0,0,0,0,0,0
2018-11-11,CG,768x1024,5,681,0,0,0,0,0,0
2018-11-11,HN,1024x768,1,81,0,0,0,0,0,0
2018-11-11,LT,1920x1080,3,390,0,0,0,0,0,0
2018-11-11,GR,768x1024,129,30645,0,0,0,0,0,0
2018-11-11,PL,1280x720,1,463,0,0,0,0,0,0
2018-11-11,HK,728x1024,217,286017,26,11.98,.04,.20,1.68,0
2018-11-11,NL,728x1280,5,863,0,0,0,0,0,0
2018-11-11,GM,768x1024,33,8381,0,0,0,0,0,0
2018-11-11,EG,720x1280,35,6327,0,0,0,0,0,0
2018-11-11,N/A,720x1280,12,2536,0,0,0,0,0,0
2018-11-11,FR,720x1080,1,72,0,0,0,0,0,0
2018-11-11,BH,1280x728,6,81,0,0,0,0,0,0
2018-11-11,MU,1920x1080,2,209,0,0,0,0,0,0
2018-11-11,BF,768x1024,4,463,0,0,0,0,0,0
2018-11-11,SL,1280x720,1,163,0,0,0,0,0,0
2018-11-11,GH,768x1024,30,4527,0,0,0,0,0,0
2018-11-11,YE,320x100,1,118,0,0,0,0,0,0
2018-11-11,AL,480x320,181,381,0,0,0,0,0,0
2018-11-11,EG,728x1280,3,481,0,0,0,0,0,0
2018-11-11,MF,300x250,21,27,0,0,0,0,0,0
2018-11-11,CZ,1024x768,16,63,0,0,0,0,0,0
2018-11-11,JO,1920x1080,3,499,0,0,0,0,0,0
2018-11-11,GN,300x250,196,218,0,0,0,0,0,0
2018-11-11,TZ,728x1280,3,309,0,0,0,0,0,0
2018-11-11,UA,728x1280,1,118,0,0,0,0,0,0
2018-11-11,AU,400x728,174,22972,1,.57,0,.01,1.80,0
2018-11-11,PA,768x1024,123,38809,56,45.52,.09,.80,1.76,.09
2018-11-11,EE,768x1024,4,163,0,0,0,0,0,0
2018-11-11,SN,480x320,44,72,0,0,0,0,0,0
2018-11-11,CL,300x250,56,44281,3,5.35,0,.08,1.49,0
2018-11-11,N/A,400x728,1,63,0,0,0,0,0,0
2018-11-11,CN,768x1024,10,2299,0,0,0,0,0,0
2018-11-11,BD,320x100,7,9,0,0,0,0,0,0
2018-11-11,SY,728x1024,2,72,0,0,0,0,0,0
2018-11-11,AF,320x50,4,545,0,0,0,0,0,0
2018-11-11,DZ,0x0,1,0,0,0,0,0,0,0
2018-11-11,NC,300x250,188,127,0,0,0,0,0,0
2018-11-11,MY,480x320,251,5636,0,0,0,0,0,0
2018-11-11,GB,480x320,10210,49127,29,.28,.06,0,2.31,.04
2018-11-11,ZA,400x728,46,33490,0,0,0,0,0,0
2018-11-11,GA,768x1024,18,3436,0,0,0,0,0,0
2018-11-11,LY,320x480,20,336,0,0,0,0,0,0
2018-11-11,HK,728x1280,66,18736,4,6.06,0,.09,1.57,0
2018-11-11,PR,300x250,152,2845,0,0,0,0,0,0
2018-11-11,LK,1280x720,11,2972,0,0,0,0,0,0
2018-11-11,AW,728x1024,1,118,0,0,0,0,0,0
2018-11-11,SY,1280x760,1,36,0,0,0,0,0,0
2018-11-11,RO,480x320,1973,2781,0,0,0,0,0,0
2018-11-11,GE,320x480,20,27,0,0,0,0,0,0
2018-11-11,ET,320x480,43,254,0,0,0,0,0,0
2018-11-11,SE,320x100,124,245,0,0,0,0,0,0
2018-11-11,AM,1024x768,5,854,0,0,0,0,0,0
2018-11-11,SA,768x1024,556,93572,16,2.87,.02,.04,1.52,.02
2018-11-11,AT,640x360,0,327,0,0,0,0,0,0
2018-11-11,SL,720x1280,5,1581,0,0,0,0,0,0
2018-11-11,US,320x100,62706,200463,89,.14,.14,0,1.61,.10
2018-11-11,SC,480x320,1,54,0,0,0,0,0,0
2018-11-11,PY,300x250,796,22809,0,0,0,0,0,0
2018-11-11,MM,768x1024,99,10490,0,0,0,0,0,0
2018-11-11,NL,720x1080,3,0,0,0,0,0,0,0
2018-11-11,DE,0x0,1,18,0,0,0,0,0,0
2018-11-11,TW,768x1024,1687,1577298,1241,73.56,1.89,1.12,1.52,.23
2018-11-11,CN,320x100,0,27,0,0,0,0,0,0
2018-11-11,BE,320x480,1672,47818,8,.47,.01,.01,2.40,.01
2018-11-11,BF,300x250,658,890,0,0,0,0,0,0
2018-11-11,RE,320x480,63,236,0,0,0,0,0,0
2018-11-11,FM,728x1280,1,72,0,0,0,0,0,0
2018-11-11,NO,320x100,23,36,0,0,0,0,0,0
2018-11-11,YT,300x250,30,36,0,0,0,0,0,0
2018-11-11,MU,320x480,59,327,0,0,0,0,0,0
2018-11-11,AT,480x320,779,5690,0,0,0,0,0,0
2018-11-11,IT,400x728,18,972,1,5.55,0,.06,1.22,0
2018-11-11,ML,1280x720,1,0,0,0,0,0,0,0
2018-11-11,KH,720x1280,11,2390,0,0,0,0,0,0
2018-11-11,KM,300x250,41,18,0,0,0,0,0,0
2018-11-11,SO,1920x1080,3,927,0,0,0,0,0,0
2018-11-11,IQ,1920x1080,4,981,0,0,0,0,0,0
2018-11-11,N/A,320x480,590,13645,0,0,0,0,0,0
2018-11-11,BH,1280x720,54,4718,10,18.51,.01,.27,1.50,0
2018-11-11,CI,300x250,498,645,0,0,0,0,0,0
2018-11-11,HU,1920x1080,2,518,0,0,0,0,0,0
2018-11-11,TR,320x100,10,0,0,0,0,0,0,0
2018-11-11,IS,320x100,13,36,0,0,0,0,0,0
2018-11-11,FR,728x250,0,9,0,0,0,0,0,0
2018-11-11,MD,768x1024,222,44372,0,0,0,0,0,0
2018-11-11,MA,480x320,43,1090,0,0,0,0,0,0
2018-11-11,BT,1920x1080,1,72,0,0,0,0,0,0
2018-11-11,RS,300x250,980,1854,0,0,0,0,0,0
2018-11-11,BG,1920x1080,4,127,0,0,0,0,0,0
2018-11-11,FR,90x75,0,36,0,0,0,0,0,0
2018-11-11,BG,1024x768,60,436,0,0,0,0,0,0
2018-11-11,GQ,768x1024,6,181,0,0,0,0,0,0
2018-11-11,UG,300x250,262,372,0,0,0,0,0,0
2018-11-11,NP,728x1280,10,845,0,0,0,0,0,0
2018-11-11,LK,1280x728,2,0,0,0,0,0,0,0
2018-11-11,MM,300x250,56,118,0,0,0,0,0,0
2018-11-11,VN,728x1280,15,45,0,0,0,0,0,0
2018-11-11,PE,320x50,169,563,0,0,0,0,0,0
2018-11-11,PL,300x250,597,1054,0,0,0,0,0,0
2018-11-11,PE,480x360,2,645,0,0,0,0,0,0
2018-11-11,KW,728x1024,1528,806790,204,13.35,.39,.25,1.92,0
2018-11-11,VE,768x1024,284,82263,10,3.52,.01,.05,1.52,.01
2018-11-11,BB,1024x768,1,245,0,0,0,0,0,0
2018-11-11,NP,320x480,33,218,0,0,0,0,0,0
2018-11-11,GP,300x250,1,1363,0,0,0,0,0,0
2018-11-11,PS,728x1024,8,590,0,0,0,0,0,0
2018-11-11,CR,300x250,207,10354,0,0,0,0,0,0
2018-11-11,US,320x250,0,18,0,0,0,0,0,0
2018-11-11,GW,300x250,42,27,0,0,0,0,0,0
2018-11-11,FJ,480x320,85,172,0,0,0,0,0,0
2018-11-11,EE,1280x720,2,254,0,0,0,0,0,0
2018-11-11,PE,320x480,5874,26118,5,.08,0,0,1.60,0
2018-11-11,BZ,320x480,31,36,0,0,0,0,0,0
2018-11-11,BS,1024x768,1,72,0,0,0,0,0,0
2018-11-11,NA,1280x728,1,0,0,0,0,0,0,0
2018-11-11,XK,768x1024,6,936,0,0,0,0,0,0
2018-11-11,NG,1920x1080,1,0,0,0,0,0,0,0
2018-11-11,AE,1280x728,74,54118,842,1137.83,1.30,17.67,1.55,0
2018-11-11,AL,1920x1080,1,245,0,0,0,0,0,0
2018-11-11,KY,320x480,1,427,0,0,0,0,0,0
2018-11-11,RU,1280x728,31,3609,0,0,0,0,0,0
2018-11-11,KW,320x480,204,20127,16,7.84,.03,.15,2.00,0
2018-11-11,AE,720x1280,215,49699,22,10.23,.04,.21,2.09,.03
2018-11-11,RE,1280x720,1,72,0,0,0,0,0,0
2018-11-11,MR,728x1024,1,0,0,0,0,0,0,0
2018-11-11,TN,480x320,70,81,0,0,0,0,0,0
2018-11-11,IE,768x1024,30,2518,7,23.33,.01,.40,1.71,.01
2018-11-11,BQ,768x1024,3,445,0,0,0,0,0,0
2018-11-11,NP,768x1024,596,95690,6,1.00,0,.01,1.54,0
2018-11-11,EG,480x320,557,1754,0,0,0,0,0,0
2018-11-11,DZ,768x1024,5,1354,0,0,0,0,0,0
2018-11-11,MM,1024x768,341,8309,0,0,0,0,0,0
2018-11-11,AL,1024x768,1,618,0,0,0,0,0,0
2018-11-11,CH,728x1024,114,28836,11,9.64,.02,.18,1.89,0
2018-11-11,BE,720x1280,11,627,0,0,0,0,0,0
2018-11-11,AE,480x320,118,2972,0,0,0,0,0,0
2018-11-11,PK,728x1280,6,1963,0,0,0,0,0,0
2018-11-11,MR,1024x768,1,72,0,0,0,0,0,0
2018-11-11,CZ,480x320,1677,4127,0,0,0,0,0,0
2018-11-11,NZ,320x480,4751,192172,146,3.07,.24,.05,1.67,0
2018-11-11,RS,480x320,4,9,0,0,0,0,0,0
2018-11-11,LK,320x480,55,699,0,0,0,0,0,0
2018-11-11,TW,1280x760,2,145,1,50.00,0,.80,1.60,0
2018-11-11,KM,768x1024,7,590,0,0,0,0,0,0
2018-11-11,IQ,320x100,0,9,0,0,0,0,0,0
2018-11-11,TC,768x1024,6,1227,0,0,0,0,0,0
2018-11-11,PR,320x100,50,9,0,0,0,0,0,0
2018-11-11,BJ,400x728,3,290,0,0,0,0,0,0
2018-11-11,VE,1024x768,5,336,0,0,0,0,0,0
2018-11-11,IL,768x1024,9,3909,0,0,0,0,0,0
2018-11-11,DM,1280x720,2,209,0,0,0,0,0,0
2018-11-11,BI,720x1280,1,172,0,0,0,0,0,0
2018-11-11,PK,728x1024,3,190,0,0,0,0,0,0
2018-11-11,SL,768x1024,9,1181,1,11.11,0,.16,1.50,0
2018-11-11,MA,1024x768,4,318,0,0,0,0,0,0
2018-11-11,HU,480x320,1820,2472,0,0,0,0,0,0
2018-11-11,CH,728x1280,28,3818,3,10.71,0,.17,1.60,0
2018-11-11,TR,1280x728,6,309,0,0,0,0,0,0
2018-11-11,AE,1024x768,110,52054,872,792.72,1.37,12.49,1.57,.02
2018-11-11,ET,1920x1080,1,372,0,0,0,0,0,0
2018-11-11,MR,728x1280,1,0,0,0,0,0,0,0
2018-11-11,UY,1280x720,1,127,0,0,0,0,0,0
2018-11-11,DK,1024x768,72,599,0,0,0,0,0,0
2018-11-11,LC,1280x720,3,399,0,0,0,0,0,0
2018-11-11,AT,320x50,167,118,0,0,0,0,0,0
2018-11-11,PR,1920x1080,0,163,0,0,0,0,0,0
2018-11-11,MH,1280x728,1,0,0,0,0,0,0,0
2018-11-11,AZ,1024x768,1,0,0,0,0,0,0,0
2018-11-11,DE,360x640,0,9,0,0,0,0,0,0
2018-11-11,BJ,300x250,436,445,0,0,0,0,0,0
2018-11-11,OM,1920x1080,1,0,0,0,0,0,0,0
2018-11-11,AT,320x480,7963,29909,8,.10,.01,0,1.64,0
2018-11-11,MZ,320x50,2,45,0,0,0,0,0,0
2018-11-11,LU,320x480,20,9,0,0,0,0,0,0
2018-11-11,PA,720x1280,9,1490,1,11.11,0,.16,1.44,0
2018-11-11,MG,728x1024,1,163,0,0,0,0,0,0
2018-11-11,MX,1280x760,54,12836,1,1.85,0,.02,1.42,0
2018-11-11,RU,1280x720,993,180954,0,0,0,0,0,0
2018-11-11,BD,768x1024,588,112427,1,.17,0,0,1.50,0
2018-11-11,PH,1024x768,65,3181,0,0,0,0,0,0
2018-11-11,GR,1024x768,7,63,0,0,0,0,0,0
2018-11-11,SR,1024x768,4,2590,0,0,0,0,0,0
2018-11-11,EE,728x1280,1,490,1,100.00,0,1.65,1.65,0
2018-11-11,JO,768x1024,19,5036,0,0,0,0,0,0
2018-11-11,PH,320x50,656,2463,0,0,0,0,0,0
2018-11-11,MW,300x250,39,54,0,0,0,0,0,0
2018-11-11,AE,1280x720,271,40218,25,9.22,.05,.19,2.06,.01
2018-11-11,MK,720x1280,1,81,0,0,0,0,0,0
2018-11-11,YT,720x1280,1,145,0,0,0,0,0,0
2018-11-11,PK,1920x1080,6,636,0,0,0,0,0,0
2018-11-11,ES,720x1280,33,10181,0,0,0,0,0,0
2018-11-11,MG,320x480,1,18,0,0,0,0,0,0
2018-11-11,N/A,768x1024,148,22572,7,4.72,.01,.07,1.50,.01
2018-11-11,TN,1024x768,0,18,0,0,0,0,0,0
2018-11-11,KW,300x250,135,16281,0,0,0,0,0,0
2018-11-11,PG,480x320,8,0,0,0,0,0,0,0
2018-11-11,BT,300x250,767,963,0,0,0,0,0,0
2018-11-11,TG,300x250,531,690,0,0,0,0,0,0
2018-11-11,AI,1280x720,2,518,0,0,0,0,0,0
2018-11-11,MH,1280x720,1,0,0,0,0,0,0,0
2018-11-11,AO,728x1024,1,345,2,200.00,0,3.00,1.50,0
2018-11-11,TR,1280x720,113,20063,0,0,0,0,0,0
2018-11-11,AF,1920x1080,3,772,0,0,0,0,0,0
2018-11-11,BH,768x1024,91,14754,10,10.98,.01,.16,1.52,.01
2018-11-11,ML,768x1024,7,836,0,0,0,0,0,0
2018-11-11,PR,728x1280,19,3609,0,0,0,0,0,0
2018-11-11,BF,728x1280,1,0,0,0,0,0,0,0
2018-11-11,NZ,400x728,7,1918,7,100.00,.02,2.94,2.94,0
2018-11-11,HK,768x576,1,0,0,0,0,0,0,0
2018-11-11,DK,480x320,38170,71054,1022,2.67,2.75,.07,2.69,1.91
2018-11-11,BS,1280x720,8,1718,0,0,0,0,0,0
2018-11-11,BR,0x0,177,199,0,0,0,0,0,0
2018-11-11,PK,400x728,4,0,0,0,0,0,0,0
2018-11-11,CY,480x320,9,218,0,0,0,0,0,0
2018-11-11,DM,1280x728,1,372,0,0,0,0,0,0
2018-11-11,FR,480x320,15511,81372,4,.02,0,0,1.81,0
2018-11-11,PA,480x320,736,2172,1,.13,0,0,2.71,0
2018-11-11,AD,300x250,3,9,0,0,0,0,0,0
2018-11-11,DO,300x250,1833,2845,0,0,0,0,0,0
2018-11-11,LV,1280x720,1,90,0,0,0,0,0,0
2018-11-11,LU,1024x768,10,63,0,0,0,0,0,0
2018-11-11,DM,720x1280,1,81,0,0,0,0,0,0
2018-11-11,DK,640x360,0,163,0,0,0,0,0,0
2018-11-11,ST,320x480,5,0,0,0,0,0,0,0
2018-11-11,IL,300x250,525,836,0,0,0,0,0,0
2018-11-11,DO,1024x768,19,4245,7,36.84,.01,.56,1.52,.01
2018-11-11,BD,1024x768,18,4099,0,0,0,0,0,0
2018-11-11,UG,320x480,150,690,0,0,0,0,0,0
2018-11-11,EE,1920x1080,1,90,0,0,0,0,0,0
2018-11-11,MM,320x480,1361,13699,0,0,0,0,0,0
2018-11-11,JP,1024x768,16,1345,0,0,0,0,0,0
2018-11-11,US,400x300,278,48663,196,70.50,.49,1.78,2.52,.34
2018-11-11,MV,0x0,10,0,0,0,0,0,0,0
2018-11-11,MG,768x1024,9,1690,0,0,0,0,0,0
2018-11-11,UA,1024x768,5,172,0,0,0,0,0,0
2018-11-11,BW,720x1280,6,981,0,0,0,0,0,0
2018-11-11,SX,320x100,0,9,0,0,0,0,0,0
2018-11-11,LK,480x320,58,490,0,0,0,0,0,0
2018-11-11,CZ,320x480,411,5681,0,0,0,0,0,0
2018-11-11,PF,1920x1080,1,563,0,0,0,0,0,0
2018-11-11,MY,1280x720,190,6427,0,0,0,0,0,0
2018-11-11,LA,300x250,1835,2145,0,0,0,0,0,0
2018-11-11,MV,720x1280,5,1945,0,0,0,0,0,0
2018-11-11,DE,320x50,532,2199,0,0,0,0,0,0
2018-11-11,IL,1280x720,30,6799,0,0,0,0,0,0
2018-11-11,IL,720x1080,2,0,0,0,0,0,0,0
2018-11-11,GW,768x1024,6,172,0,0,0,0,0,0
2018-11-11,GU,400x728,1,954,0,0,0,0,0,0
2018-11-11,BY,768x1024,5,545,0,0,0,0,0,0
2018-11-11,HK,1024x768,791,240308,60,7.58,.10,.13,1.73,0
2018-11-11,AM,320x480,68,5409,0,0,0,0,0,0
2018-11-11,PG,300x250,99,72,0,0,0,0,0,0
2018-11-11,AF,400x728,2,463,0,0,0,0,0,0
2018-11-11,ME,720x1280,1,90,0,0,0,0,0,0
2018-11-11,TT,480x320,1,0,0,0,0,0,0,0
2018-11-11,HR,480x320,3,0,0,0,0,0,0,0
2018-11-11,SA,320x480,593,24854,1,.16,0,0,1.50,0
2018-11-11,GR,0x0,0,27,0,0,0,0,0,0
2018-11-11,MV,1024x768,4,645,0,0,0,0,0,0
2018-11-11,MX,320x480,29135,1415371,473,1.62,.75,.02,1.60,.02
2018-11-11,NP,1280x720,16,2918,0,0,0,0,0,0
2018-11-11,CA,720x400,2,54,2,100.00,0,1.50,1.50,0
2018-11-11,BT,1280x720,2,1109,0,0,0,0,0,0
2018-11-11,CL,1280x760,4,836,4,100.00,0,1.50,1.50,0
2018-11-11,BA,480x320,36,54,0,0,0,0,0,0
2018-11-11,TZ,720x1280,32,7399,0,0,0,0,0,0
2018-11-11,NI,480x320,52,63,0,0,0,0,0,0
2018-11-11,GF,300x250,1,281,0,0,0,0,0,0
2018-11-11,CK,768x1024,3,499,0,0,0,0,0,0
2018-11-11,AU,768x1024,29377,4440913,10275,34.97,17.56,.59,1.70,14.23
2018-11-11,KG,1024x768,2,472,0,0,0,0,0,0
2018-11-11,VN,320x100,0,99,0,0,0,0,0,0
2018-11-11,UA,1280x728,1,36,0,0,0,0,0,0
2018-11-11,KH,320x480,20,145,0,0,0,0,0,0
2018-11-11,SA,300x250,206853,419972,27,.01,.04,0,1.50,.02
2018-11-11,FR,728x1280,32,5136,5,15.62,.01,.33,2.13,0
2018-11-11,BI,768x1024,6,1690,0,0,0,0,0,0
2018-11-11,AW,1280x720,1,1954,0,0,0,0,0,0
2018-11-11,NC,320x480,6,27,0,0,0,0,0,0
2018-11-11,TJ,728x1024,1,0,0,0,0,0,0,0
2018-11-11,BG,728x1280,1,0,0,0,0,0,0,0
2018-11-11,DO,1920x1080,4,1009,0,0,0,0,0,0
2018-11-11,AT,1024x768,106,518,3,2.83,0,.04,1.70,0
2018-11-11,SX,768x1024,15,2427,0,0,0,0,0,0
2018-11-11,BM,1280x720,12,545,0,0,0,0,0,0
2018-11-11,QA,320x50,1,0,0,0,0,0,0,0
2018-11-11,MY,1280x728,14,1036,1,7.14,0,.17,2.40,0
2018-11-11,MP,728x1024,1,481,0,0,0,0,0,0
2018-11-11,SE,728x1024,694,133172,81,11.67,.14,.20,1.75,0
2018-11-11,CM,768x1024,74,10854,0,0,0,0,0,0
2018-11-11,IT,1920x1080,33,1199,0,0,0,0,0,0
2018-11-11,BN,300x250,489,790,0,0,0,0,0,0
2018-11-11,LT,320x480,99,236,0,0,0,0,0,0
2018-11-11,NE,320x480,56,54,0,0,0,0,0,0
2018-11-11,HU,300x250,681,872,0,0,0,0,0,0
2018-11-11,MW,768x1024,14,1663,0,0,0,0,0,0
2018-11-11,BQ,728x1024,1,45,0,0,0,0,0,0
2018-11-11,PS,720x1280,1,745,0,0,0,0,0,0
2018-11-11,CY,728x1280,2,109,0,0,0,0,0,0
2018-11-11,GH,320x480,9,81,0,0,0,0,0,0
2018-11-11,OM,1280x720,1,918,0,0,0,0,0,0
2018-11-11,LK,1024x768,4,1854,0,0,0,0,0,0
2018-11-11,MH,768x1024,22,2336,0,0,0,0,0,0
2018-11-11,AI,768x1024,4,236,0,0,0,0,0,0
2018-11-11,LS,768x1024,6,536,0,0,0,0,0,0
2018-11-11,CH,320x100,62,527,0,0,0,0,0,0
2018-11-11,CW,768x1024,1,854,0,0,0,0,0,0
2018-11-11,CO,720x1280,1103,162027,33,2.99,.05,.04,1.55,.04
2018-11-11,SY,320x480,20,236,0,0,0,0,0,0
2018-11-11,UA,1280x720,1,0,0,0,0,0,0,0
2018-11-11,DK,768x1024,65,19845,2,3.07,0,.05,1.75,0
2018-11-11,PT,768x1024,85,19881,0,0,0,0,0,0
2018-11-11,JO,0x0,0,81,0,0,0,0,0,0
2018-11-11,BR,480x360,1,54,0,0,0,0,0,0
2018-11-11,BR,320x100,131,454,0,0,0,0,0,0
2018-11-11,IL,320x480,54,1036,0,0,0,0,0,0
2018-11-11,LB,728x1024,101,15181,0,0,0,0,0,0
2018-11-11,PK,768x1024,143,24063,0,0,0,0,0,0
2018-11-11,QA,720x1280,0,54,0,0,0,0,0,0
2018-11-11,IE,728x1280,6,145,0,0,0,0,0,0
2018-11-11,RU,300x250,218,20372,0,0,0,0,0,0
2018-11-11,MM,400x728,8,236,0,0,0,0,0,0
2018-11-11,AE,640x480,1,1272,0,0,0,0,0,0
2018-11-11,NP,1280x728,5,863,0,0,0,0,0,0
2018-11-11,PH,480x320,522,4154,0,0,0,0,0,0
2018-11-11,GE,728x1280,4,545,0,0,0,0,0,0
2018-11-11,KR,1024x768,0,27,0,0,0,0,0,0
2018-11-11,TW,0x0,0,36,0,0,0,0,0,0
2018-11-11,VN,720x1280,6,18,0,0,0,0,0,0
2018-11-11,LB,1024x768,39,7445,0,0,0,0,0,0
2018-11-11,HK,720x1080,23,3745,0,0,0,0,0,0
2018-11-11,TJ,480x320,107,290,0,0,0,0,0,0
2018-11-11,BG,728x1024,1,136,0,0,0,0,0,0
2018-11-11,GU,1024x768,5,1572,0,0,0,0,0,0
2018-11-11,SA,728x1280,51,4018,5,9.80,0,.14,1.51,0
2018-11-11,AE,0x0,0,54,0,0,0,0,0,0
2018-11-11,CV,300x250,562,690,0,0,0,0,0,0
2018-11-11,PK,720x1280,8,1281,0,0,0,0,0,0
2018-11-11,CD,720x1280,13,3454,0,0,0,0,0,0
2018-11-11,JP,320x480,1916,5681,0,0,0,0,0,0
2018-11-11,MG,300x250,178,199,0,0,0,0,0,0
2018-11-11,BY,300x250,106,672,0,0,0,0,0,0
2018-11-11,CM,728x1024,1,263,0,0,0,0,0,0
2018-11-11,NA,720x1280,11,2336,0,0,0,0,0,0
2018-11-11,ID,480x360,1,0,0,0,0,0,0,0
2018-11-11,MD,720x1280,4,899,0,0,0,0,0,0
2018-11-11,RU,480x320,11864,20818,0,0,0,0,0,0
2018-11-11,CO,768x1024,121230,30333742,58307,48.09,91.36,.75,1.56,91.33
2018-11-11,RU,1920x1080,564,82409,0,0,0,0,0,0
2018-11-11,GT,728x1280,1,109,0,0,0,0,0,0
2018-11-11,NU,480x320,4,0,0,0,0,0,0,0
2018-11-11,TG,320x480,2,0,0,0,0,0,0,0
2018-11-11,BI,1024x768,1,0,0,0,0,0,0,0
2018-11-11,RO,720x1280,8,881,0,0,0,0,0,0
2018-11-11,CA,380x480,13,54,0,0,0,0,0,0
2018-11-11,SV,300x250,984,3309,0,0,0,0,0,0
2018-11-11,US,1024x768,780072,35663009,156050,20.00,256.18,.32,1.64,28.07
2018-11-11,ZA,728x1280,3701,708626,2360,63.76,3.62,.97,1.53,0
2018-11-11,CY,1920x1080,2,0,0,0,0,0,0,0
2018-11-11,SX,1024x768,7,881,0,0,0,0,0,0
2018-11-11,PA,1280x720,61,4772,14,22.95,.02,.33,1.44,0
2018-11-11,KZ,400x728,2,99,0,0,0,0,0,0
2018-11-11,GT,720x1280,1,272,0,0,0,0,0,0
2018-11-11,LA,1920x1080,9,2463,0,0,0,0,0,0
2018-11-11,CH,320x480,6539,197708,50,.76,.09,.01,1.86,.06
2018-11-11,AG,768x1024,2,1063,0,0,0,0,0,0
2018-11-11,MR,300x250,3,0,0,0,0,0,0,0
2018-11-11,EG,320x50,1,181,0,0,0,0,0,0
2018-11-11,NG,720x1080,3,0,0,0,0,0,0,0
2018-11-11,IQ,728x1024,10,1945,0,0,0,0,0,0
2018-11-11,MR,720x1280,2,727,0,0,0,0,0,0
2018-11-11,JM,1280x720,4,736,0,0,0,0,0,0
2018-11-11,AS,0x0,0,18,0,0,0,0,0,0
2018-11-11,BA,320x480,136,390,0,0,0,0,0,0
2018-11-11,SX,720x1280,3,390,0,0,0,0,0,0
2018-11-11,CF,320x480,9,9,0,0,0,0,0,0
2018-11-11,NP,1920x1080,1,254,1,100.00,0,1.44,1.44,0
2018-11-11,LB,768x1024,52,6918,0,0,0,0,0,0
2018-11-11,IN,1920x1080,19,2527,0,0,0,0,0,0
2018-11-11,ZA,728x1024,4752,1337135,2402,50.54,3.68,.77,1.53,0
2018-11-11,NR,728x1280,1,554,0,0,0,0,0,0
2018-11-11,ES,1280x720,98,11099,0,0,0,0,0,0
2018-11-11,JM,320x480,9,2190,0,0,0,0,0,0
2018-11-11,NL,320x50,202,190,0,0,0,0,0,0
2018-11-11,PW,1280x720,3,399,0,0,0,0,0,0
2018-11-11,BF,480x320,3,0,0,0,0,0,0,0
2018-11-11,HR,768x1024,4,136,0,0,0,0,0,0
2018-11-11,ZM,320x480,2,0,0,0,0,0,0,0
2018-11-11,AS,728x1280,1,0,0,0,0,0,0,0
2018-11-11,MV,480x320,1,0,0,0,0,0,0,0
2018-11-11,CO,480x320,3539,4681,0,0,0,0,0,0
2018-11-11,DK,360x640,0,45,0,0,0,0,0,0
2018-11-11,TT,320x480,2,3709,0,0,0,0,0,0
2018-11-11,MZ,300x250,508,609,0,0,0,0,0,0
2018-11-11,HU,1024x768,74,945,0,0,0,0,0,0
2018-11-11,BG,768x1024,50,8763,0,0,0,0,0,0
2018-11-11,EC,720x1280,17,7754,0,0,0,0,0,0
2018-11-11,US,728x90,4,63,0,0,0,0,0,0
2018-11-11,RU,1024x768,116,33718,0,0,0,0,0,0
2018-11-11,MX,480x320,9780,43909,8,.08,.01,0,1.68,0
2018-11-11,BS,720x1280,3,118,0,0,0,0,0,0
2018-11-11,MA,1280x720,4,418,0,0,0,0,0,0
2018-11-11,MX,728x1024,1804,1048308,515,28.54,.82,.45,1.60,0
2018-11-11,AU,728x1280,898,80354,427,47.55,.76,.84,1.78,0
2018-11-11,PA,1280x728,15,2163,1,6.66,0,.09,1.44,0
2018-11-11,NE,480x320,31,45,0,0,0,0,0,0
2018-11-11,ET,480x360,1,336,0,0,0,0,0,0
2018-11-11,BO,300x250,903,1636,0,0,0,0,0,0
2018-11-11,AW,0x0,5,0,0,0,0,0,0,0
2018-11-11,LB,320x50,1,181,0,0,0,0,0,0
2018-11-11,CH,300x250,373,4954,2,.53,0,.01,2.00,0
2018-11-11,GH,480x320,45,27,0,0,0,0,0,0
2018-11-11,GT,1280x720,1,418,0,0,0,0,0,0
2018-11-11,MK,728x1280,1,309,0,0,0,0,0,0
2018-11-11,BA,300x250,778,1263,0,0,0,0,0,0
2018-11-11,SN,1280x720,3,927,0,0,0,0,0,0
2018-11-11,FJ,1280x720,1,136,0,0,0,0,0,0
2018-11-11,SA,720x1280,656,238990,5,.76,0,.01,1.77,0
2018-11-11,AZ,1280x720,1,18,0,0,0,0,0,0
2018-11-11,SC,320x480,2,445,0,0,0,0,0,0
2018-11-11,BI,300x250,82,72,0,0,0,0,0,0
2018-11-11,CO,320x50,203,372,0,0,0,0,0,0
2018-11-11,TZ,768x1024,82,11636,0,0,0,0,0,0
2018-11-11,JE,400x728,1,0,0,0,0,0,0,0
2018-11-11,MD,1280x720,1,0,0,0,0,0,0,0
2018-11-11,VE,300x250,417,636,0,0,0,0,0,0
2018-11-11,MK,1920x1080,1,0,0,0,0,0,0,0
2018-11-11,SN,300x250,1072,1318,0,0,0,0,0,0
2018-11-11,IT,320x50,698,5081,0,0,0,0,0,0
2018-11-11,UY,720x1280,3,1518,0,0,0,0,0,0
2018-11-11,EG,768x1024,139,21999,4,2.87,0,.04,1.50,0
2018-11-11,FI,720x1280,2,399,0,0,0,0,0,0
2018-11-11,ES,1280x728,7,2954,0,0,0,0,0,0
2018-11-11,AU,1920x1080,3403,227154,506,14.86,.86,.25,1.71,.50
2018-11-11,MH,480x320,4,0,0,0,0,0,0,0
2018-11-11,KR,1000x575,1,0,0,0,0,0,0,0
2018-11-11,TJ,320x480,61,336,0,0,0,0,0,0
2018-11-11,CG,720x1280,2,145,0,0,0,0,0,0
2018-11-11,US,300x100,8,0,0,0,0,0,0,0
2018-11-11,EC,320x480,166,3009,0,0,0,0,0,0
2018-11-11,CR,320x50,158,163,0,0,0,0,0,0
2018-11-11,GR,320x480,27,1236,0,0,0,0,0,0
2018-11-11,IM,720x1280,16,1981,2,12.50,0,.23,1.90,0
2018-11-11,PW,728x1280,3,1527,0,0,0,0,0,0
2018-11-11,ID,1280x760,17,827,0,0,0,0,0,0
2018-11-11,PY,768x1024,92,18863,0,0,0,0,0,0
2018-11-11,JM,720x1280,2,1063,0,0,0,0,0,0
2018-11-11,CV,1920x1080,1,172,0,0,0,0,0,0
2018-11-11,BM,768x1024,1,0,0,0,0,0,0,0
2018-11-11,SX,320x480,26,718,0,0,0,0,0,0
2018-11-11,GM,728x1280,2,0,0,0,0,0,0,0
2018-11-11,US,720x1080,51359,4499395,32102,62.50,49.07,.95,1.52,.16
2018-11-11,MX,728x1280,1110,242272,94,8.46,.15,.13,1.60,0
2018-11-11,AO,1024x768,1,36,0,0,0,0,0,0
2018-11-11,PR,720x1280,2,336,0,0,0,0,0,0
2018-11-11,ZW,1280x720,1,136,0,0,0,0,0,0
2018-11-11,KE,1024x768,1,199,0,0,0,0,0,0
2018-11-11,AF,480x320,46,499,0,0,0,0,0,0
2018-11-11,VC,768x1024,2,236,0,0,0,0,0,0
2018-11-11,AD,480x320,0,18,0,0,0,0,0,0
2018-11-11,FR,1280x720,51,6963,2,3.92,0,.05,1.41,0
2018-11-11,GB,400x300,9,909,6,66.66,.01,1.66,2.50,.01
2018-11-11,ID,400x728,11,4472,0,0,0,0,0,0
2018-11-11,TM,300x250,0,18,0,0,0,0,0,0
2018-11-11,AF,300x250,834,1727,0,0,0,0,0,0
2018-11-11,AE,720x400,1,0,0,0,0,0,0,0
2018-11-11,LC,768x1024,5,1027,0,0,0,0,0,0
2018-11-11,CZ,728x1024,1,227,0,0,0,0,0,0
2018-11-11,NP,400x728,1,136,0,0,0,0,0,0
2018-11-11,IR,768x1024,70,9445,0,0,0,0,0,0
2018-11-11,AR,720x1280,82,13227,0,0,0,0,0,0
2018-11-11,KN,728x1024,1,0,0,0,0,0,0,0
2018-11-11,SE,360x640,5,90,0,0,0,0,0,0
2018-11-11,NP,300x250,1427,2009,0,0,0,0,0,0
2018-11-11,TH,320x480,2650,90690,0,0,0,0,0,0
2018-11-11,SR,320x480,59,690,0,0,0,0,0,0
2018-11-11,RW,1280x720,2,363,0,0,0,0,0,0
2018-11-11,JP,480x320,16,463,0,0,0,0,0,0
2018-11-11,TG,768x1024,6,1136,0,0,0,0,0,0
2018-11-11,CI,720x1280,2,0,0,0,0,0,0,0
2018-11-11,WS,300x250,105,81,0,0,0,0,0,0
2018-11-11,BD,728x1024,10,1109,0,0,0,0,0,0
2018-11-11,MK,320x480,5,72,0,0,0,0,0,0
2018-11-11,RS,768x1024,25,5545,0,0,0,0,0,0
2018-11-11,PY,720x1280,6,1627,0,0,0,0,0,0
2018-11-11,IS,1280x720,1,0,0,0,0,0,0,0
2018-11-11,NL,720x1280,35,11427,0,0,0,0,0,0
2018-11-11,PR,0x0,1,0,0,0,0,0,0,0
2018-11-11,N/A,728x1280,27,2527,0,0,0,0,0,0
2018-11-11,ME,320x480,11,381,0,0,0,0,0,0
2018-11-11,IL,1920x1080,6,145,0,0,0,0,0,0
2018-11-11,JO,728x1024,2,390,0,0,0,0,0,0
2018-11-11,RU,320x480,135417,232781,7,0,.01,0,1.71,0
2018-11-11,BR,1280x728,111,64118,55,49.54,.11,1.01,2.05,0
2018-11-11,AG,1280x720,3,954,0,0,0,0,0,0
2018-11-11,CN,480x320,1,254,0,0,0,0,0,0
2018-11-11,TT,768x1024,3,318,0,0,0,0,0,0
2018-11-11,GM,320x480,3,0,0,0,0,0,0,0
2018-11-11,SO,320x480,21,718,0,0,0,0,0,0
2018-11-11,OM,728x1024,1,36,0,0,0,0,0,0
2018-11-11,IT,320x480,25347,261545,7,.02,.01,0,1.99,0
2018-11-11,JO,300x250,45,90,0,0,0,0,0,0
2018-11-11,RU,320x50,171,281,0,0,0,0,0,0
2018-11-11,RE,300x250,290,290,0,0,0,0,0,0
2018-11-11,ID,768x1024,12731,2741824,108,.84,.16,.01,1.50,.15
2018-11-11,NL,320x100,21,0,0,0,0,0,0,0
2018-11-11,N/A,728x1024,25,4081,0,0,0,0,0,0
2018-11-11,JO,728x1280,1,236,0,0,0,0,0,0
2018-11-11,KH,300x250,1316,1609,0,0,0,0,0,0
2018-11-11,KG,728x1024,3,1081,0,0,0,0,0,0
2018-11-11,VI,300x250,40,63,0,0,0,0,0,0
2018-11-11,US,480x320,28978,913971,3435,11.85,6.81,.23,1.98,3.58
2018-11-11,NA,480x320,44,18,0,0,0,0,0,0
2018-11-11,BH,728x1024,14,2027,3,21.42,0,.35,1.64,0
2018-11-11,KE,768x1024,20,1063,0,0,0,0,0,0
2018-11-11,CA,320x480,134047,13921876,12841,9.57,19.68,.14,1.53,3.14
2018-11-11,US,90x75,0,81,0,0,0,0,0,0
2018-11-11,SI,320x480,325,1109,7,2.15,.01,.03,1.50,0
2018-11-11,CH,480x320,2070,36236,4,.19,.01,0,2.71,0
2018-11-11,PY,728x1024,20,23409,0,0,0,0,0,0
2018-11-11,ET,1280x728,1,0,0,0,0,0,0,0
2018-11-11,AR,1280x760,13,1863,0,0,0,0,0,0
2018-11-11,EG,1024x768,5,1599,0,0,0,0,0,0
2018-11-11,JO,720x1280,10,2245,0,0,0,0,0,0
2018-11-11,AW,480x320,27,9,0,0,0,0,0,0
2018-11-11,LT,300x250,297,436,0,0,0,0,0,0
2018-11-11,NE,300x250,178,272,0,0,0,0,0,0
2018-11-11,SD,300x250,0,827,0,0,0,0,0,0
2018-11-11,MT,768x1024,7,454,0,0,0,0,0,0
2018-11-11,N/A,300x250,797,1172,0,0,0,0,0,0
2018-11-11,BD,720x1280,26,7772,0,0,0,0,0,0
2018-11-11,NG,480x320,2,0,0,0,0,0,0,0
2018-11-11,DO,720x1280,8,3236,0,0,0,0,0,0
2018-11-11,BO,480x320,3,0,0,0,0,0,0,0
2018-11-11,MY,720x1280,102,7745,0,0,0,0,0,0
2018-11-11,KH,728x1280,6,1799,0,0,0,0,0,0
2018-11-11,GB,0x0,0,72,0,0,0,0,0,0
2018-11-11,MV,1280x720,2,0,0,0,0,0,0,0
2018-11-11,VN,1024x768,24,772,0,0,0,0,0,0
2018-11-11,RW,720x1280,2,0,0,0,0,0,0,0
2018-11-11,BR,1280x720,276,59181,36,13.04,.07,.28,2.20,.04
2018-11-11,GM,300x250,287,272,0,0,0,0,0,0
2018-11-11,CO,728x1024,193,91345,47,24.35,.07,.40,1.64,0
2018-11-11,PW,300x250,40,81,0,0,0,0,0,0
2018-11-11,VI,768x1024,4,236,0,0,0,0,0,0
2018-11-11,MY,728x1280,122,8027,1,.81,0,.01,2.25,0
2018-11-11,FR,720x1280,33,5645,1,3.03,0,.04,1.40,0
2018-11-11,BS,768x1024,14,2209,0,0,0,0,0,0
2018-11-11,GE,300x250,925,1481,0,0,0,0,0,0
2018-11-11,SD,320x480,0,63,0,0,0,0,0,0
2018-11-11,SE,480x320,4115,233899,559,13.58,.80,.19,1.44,0
2018-11-11,CO,400x728,3,1136,0,0,0,0,0,0
2018-11-11,LT,1024x768,24,118,0,0,0,0,0,0
2018-11-11,WF,320x480,0,9,0,0,0,0,0,0
2018-11-11,IE,1280x760,1,454,0,0,0,0,0,0
2018-11-11,IQ,320x480,162,7672,0,0,0,0,0,0
2018-11-11,VG,720x1280,2,1154,0,0,0,0,0,0
2018-11-11,MR,480x320,47,45,0,0,0,0,0,0
2018-11-11,QA,728x1024,1,3172,0,0,0,0,0,0
2018-11-11,FR,1280x728,6,2109,2,33.33,0,.76,2.30,0
2018-11-11,AZ,480x320,12,45,0,0,0,0,0,0
2018-11-11,NL,640x360,6,54,0,0,0,0,0,0
2018-11-11,TW,640x360,16,99,0,0,0,0,0,0
2018-11-11,MX,400x728,275,165618,31,11.27,.06,.23,2.04,0
2018-11-11,PR,320x480,3088,37072,1,.03,0,0,1.50,0
2018-11-11,TC,320x480,13,227,0,0,0,0,0,0
2018-11-11,VE,1920x1080,1,390,0,0,0,0,0,0
2018-11-11,PA,320x480,64,727,0,0,0,0,0,0
2018-11-11,FR,320x480,69379,408717,17,.02,.03,0,1.94,.01
2018-11-11,JO,1280x720,11,3663,0,0,0,0,0,0
2018-11-11,JP,1280x720,4,281,0,0,0,0,0,0
2018-11-11,KR,728x1024,1,218,0,0,0,0,0,0
2018-11-11,EG,300x250,1309,2127,0,0,0,0,0,0
2018-11-11,TJ,720x1280,4,963,0,0,0,0,0,0
2018-11-11,IN,768x1024,483,83899,0,0,0,0,0,0
2018-11-11,CW,320x480,0,9,0,0,0,0,0,0
2018-11-11,TL,480x320,3,0,0,0,0,0,0,0
2018-11-11,ET,1280x720,9,1181,0,0,0,0,0,0
2018-11-11,EE,480x320,1,0,0,0,0,0,0,0
2018-11-11,BT,728x1280,2,27,0,0,0,0,0,0
2018-11-11,VG,728x1024,1,0,0,0,0,0,0,0
2018-11-11,PL,728x1024,2,18,0,0,0,0,0,0
2018-11-11,ES,360x640,54,899,0,0,0,0,0,0
2018-11-11,VU,480x320,1,0,0,0,0,0,0,0
2018-11-11,BZ,768x1024,25,2909,0,0,0,0,0,0
2018-11-11,AM,300x250,990,1654,0,0,0,0,0,0
2018-11-11,MO,728x1280,1,0,0,0,0,0,0,0
2018-11-11,CY,1024x768,27,263,0,0,0,0,0,0
2018-11-11,LA,320x480,129,3027,0,0,0,0,0,0
2018-11-11,IQ,320x50,1,72,0,0,0,0,0,0
2018-11-11,IE,320x50,18,90,0,0,0,0,0,0
2018-11-11,JP,320x100,0,109,0,0,0,0,0,0
2018-11-11,DJ,480x320,13,99,0,0,0,0,0,0
2018-11-11,KH,728x1024,5,3209,0,0,0,0,0,0
2018-11-11,MY,1024x768,111,8290,1,.90,0,.01,1.44,0
2018-11-11,ZA,320x50,176,199,0,0,0,0,0,0
2018-11-11,HN,300x250,1424,2154,0,0,0,0,0,0
2018-11-11,ZW,320x480,19,18,0,0,0,0,0,0
2018-11-11,SB,720x1280,2,27,0,0,0,0,0,0
2018-11-11,CA,1280x760,207,18409,101,48.79,.14,.71,1.46,0
2018-11-11,TN,1280x720,7,618,0,0,0,0,0,0
2018-11-11,MP,768x1024,4,1599,0,0,0,0,0,0
2018-11-11,DK,320x100,24,436,0,0,0,0,0,0
2018-11-11,EC,1024x768,22,3463,0,0,0,0,0,0
